tx,block,reactor,filler,sell,buy,value_in_usd,swapper_cost,filler_margin
0x316b32d615459e8aebc1128ea1ac9c1a3bccdc5565dc56330ee1ed6fcb13f90e,25990265,0x00000011f84b9aa48e5f8aa8b9897600006289be,0x06fd4eb2f2def33c1820444981b81c96f45df0fb,WETH,USDC,5140.64,0.001083,0.001083
0xc8a9ff56017fbadcecf66f3cca634777cc43ef0b5d96a9bf0f5c546363868cfe,25990812,0x00000011f84b9aa48e5f8aa8b9897600006289be,0xbee3211ab312a8d065c4fef0247448e17a8da000,USDT,WETH,999.29,0.003174,0.003174
0x9b0a722e74184708ea4b577e246364df5bfea803dd9d5dc101aa1d0509d56f61,25991470,0x00000011f84b9aa48e5f8aa8b9897600006289be,0xa7c00000a9c7422b3ef7d128b619577356b0a8b1,USDC,WETH,429.96,0.00368,-0.001383
0x467bf3a42c06712a478c6952b5d68e677a30a7f8ab2e0a4c220e1b8cee5c5fea,25991488,0x00000011f84b9aa48e5f8aa8b9897600006289be,0xa7c00000a9c7422b3ef7d128b619577356b0a8b1,USDC,WETH,484.96,0.003509,-0.000919
0xbfafb0da2d0d5840910d75d24fb9240131db416195e0742d896ec9192895f69a,25991505,0x00000011f84b9aa48e5f8aa8b9897600006289be,0x225a38bc71102999dd13478bfabd7c4d53f2dc17,WETH,USDC,599201.61,0.002871,0.002871
0x9ae19185f84dcbc012cd148293a748faff9957a295c52f9f0512c1ce6c9f7edd,25991507,0x00000011f84b9aa48e5f8aa8b9897600006289be,0xa7c00000a9c7422b3ef7d128b619577356b0a8b1,USDC,WETH,494.96,0.002474,-0.002252
0x2300ee8cdf2db975d973d408342a64b77b7eab9a388ab6cf8b2dd836decc8b70,25991516,0x00000011f84b9aa48e5f8aa8b9897600006289be,0x3a844a80bda2a2e23425481f663b0fc841641d0a,USDC,WETH,371.97,-0.001982,-0.001982
0xd0e852bd949356199cd8ddb60fe9a397a40ea7277e94af5a25d44621a22b00e0,25991718,0x00000011f84b9aa48e5f8aa8b9897600006289be,0x225a38bc71102999dd13478bfabd7c4d53f2dc17,USDC,WETH,299974.83,-0.001647,-0.001647
0xe3a0316ee3c64f31ee0cc9cc0c2bda425d20ac8861266b0bd30562e7fb1069d7,25991739,0x00000011f84b9aa48e5f8aa8b9897600006289be,0x225a38bc71102999dd13478bfabd7c4d53f2dc17,WETH,USDC,24135.2,-0.000569,-0.000569
0x29e4073801e5c76d9a3ab5458e436c1af4a62e0014c2324bf798d19bdaf5dec0,25991772,0x00000011f84b9aa48e5f8aa8b9897600006289be,0x225a38bc71102999dd13478bfabd7c4d53f2dc17,USDC,WETH,124989.51,0.000993,0.000993
0xafa39078c452e8dde066e844ad92a89ee794b0029db709736d918ba36f44ba06,25991838,0x00000011f84b9aa48e5f8aa8b9897600006289be,0x225a38bc71102999dd13478bfabd7c4d53f2dc17,USDC,WETH,187484.27,0.00408,0.00408
0xfdbee9fa9f5dfa84383aeabdfcccc59e9d82083cc71f088889956afeef0cc458,25991854,0x00000011f84b9aa48e5f8aa8b9897600006289be,0xbee3211ab312a8d065c4fef0247448e17a8da000,USDC,WETH,29997.48,-0.004749,-0.004749
0xbac345d3b5b1e7cb3ab26ca6d52d4510ed273a01f2509db5f608c71c234528ee,25991891,0x00000011f84b9aa48e5f8aa8b9897600006289be,0x225a38bc71102999dd13478bfabd7c4d53f2dc17,WETH,USDC,21556.59,-0.002419,-0.002419
0x5d45911aced0b0ea21e916ae92cb1d8e3c07e8481d6593ff67eb5f5db53ab4cb,25991905,0x00000011f84b9aa48e5f8aa8b9897600006289be,0x225a38bc71102999dd13478bfabd7c4d53f2dc17,WETH,USDC,21549.27,-0.003041,-0.003041
0xa693b204adc645e4bf6c3582b748975878c53850ce871646b56ee7071042a2a8,25991908,0x00000011f84b9aa48e5f8aa8b9897600006289be,0x225a38bc71102999dd13478bfabd7c4d53f2dc17,USDC,WETH,16087.76,0.002619,0.002619
0xd3941b0f5ffea9ea71a621cb4c16dd2fbc55a9dd7fded8e388540ed2b0613027,25991963,0x00000011f84b9aa48e5f8aa8b9897600006289be,0x225a38bc71102999dd13478bfabd7c4d53f2dc17,USDC,WETH,43256.37,-0.001361,-0.001361
0x005c009d331d7718ac72c7099961d747f4fc785ff8bf7b05caa3ac5c808ae274,25992074,0x00000011f84b9aa48e5f8aa8b9897600006289be,0x06fd4eb2f2def33c1820444981b81c96f45df0fb,USDT,WETH,5636.0,-0.004095,-0.004095
0x439f642f9476a5ab5d69c3816f363c70c531010313eab8fb79541b4253e45143,25992104,0x00000011f84b9aa48e5f8aa8b9897600006289be,0x225a38bc71102999dd13478bfabd7c4d53f2dc17,WETH,USDC,155627.85,0.002904,0.002904
0x64e35e1b78237c72f95c50bc5a8749390bcbc29d00e48dff7ba6307ecbde01c1,25992117,0x00000011f84b9aa48e5f8aa8b9897600006289be,0x1295f63fc70e239353fcbdb863737ea316f073d1,WETH,USDC,77407.34,0.001344,0.000798
0x6e6cba86c6559be075de5624e294f4ce423c53ac5f6498bcf9abed5aa7006121,25992196,0x00000011f84b9aa48e5f8aa8b9897600006289be,0x225a38bc71102999dd13478bfabd7c4d53f2dc17,USDC,WETH,104990.88,0.001726,0.001726
0xe18ef7130b452400be966362401409b247feae6d1b8cf194b20d6597f30eeebd,25992199,0x00000011f84b9aa48e5f8aa8b9897600006289be,0x225a38bc71102999dd13478bfabd7c4d53f2dc17,WETH,USDC,10179.07,-0.002614,-0.002614
0xd0849955860fbf70aca21f2aaa90581df58fcfe70564a4313a751f73dccd1786,25992322,0x00000011f84b9aa48e5f8aa8b9897600006289be,0x225a38bc71102999dd13478bfabd7c4d53f2dc17,USDC,WETH,157486.32,0.001997,0.001997
0x5b5cb972a48476689c479b2930f3a469b0398f4a231b2333d7b67d77484c0251,25992499,0x00000011f84b9aa48e5f8aa8b9897600006289be,0x225a38bc71102999dd13478bfabd7c4d53f2dc17,WETH,USDC,8194.99,0.001883,0.001883
0xcd1717ece4c96c8c0522271000a6948c0fc6fb3c973deb1116636540efc5e07e,25993394,0x00000011f84b9aa48e5f8aa8b9897600006289be,0x225a38bc71102999dd13478bfabd7c4d53f2dc17,USDC,WETH,157486.32,-0.001331,-0.001331
0x036960e5567c0dd5ec2b1ede424d43523d447f7f6dc0c4fb3e28a326a4fb7734,25994971,0x00000011f84b9aa48e5f8aa8b9897600006289be,0xbee3211ab312a8d065c4fef0247448e17a8da000,WETH,USDT,1496.84,-0.003876,-0.003876
0xcd11e1f027a995a42098d2f5f16034952dbf1b8de994a6e68e7b1d4b03c29333,25995020,0x00000011f84b9aa48e5f8aa8b9897600006289be,0x225a38bc71102999dd13478bfabd7c4d53f2dc17,USDC,WETH,99991.61,0.000721,0.000721
0xbf06d82f50cf8675b2e3c481985d63a8ec56bbed2b3f6ab4c6b3737f6749cd57,25995837,0x00000011f84b9aa48e5f8aa8b9897600006289be,0x225a38bc71102999dd13478bfabd7c4d53f2dc17,WETH,USDC,30112.92,0.003833,0.003833
0x4afd004c5edbd0cb7fb23418d9f8dec644e144ae3d6a0dfb6a44d7d2d43bd56f,25996013,0x00000011f84b9aa48e5f8aa8b9897600006289be,0x225a38bc71102999dd13478bfabd7c4d53f2dc17,USDC,WETH,7073.95,-0.001101,-0.001101
0x0a9ef276b00a726c524b882be2547c1b492caf45e27d99cabf6adfaf86ee5346,25997154,0x00000011f84b9aa48e5f8aa8b9897600006289be,0x225a38bc71102999dd13478bfabd7c4d53f2dc17,USDC,WETH,320578.37,0.002208,0.002208
0x887009e01bc4db1ddc63258a2d00650c117abacb0ded71c08a6287090d93773f,25998005,0x00000011f84b9aa48e5f8aa8b9897600006289be,0xbee3211ab312a8d065c4fef0247448e17a8da000,WETH,USDT,10198.48,0.001205,0.001205
0x16380a0da6ee939bf268156154bbfc04b7163479de51d59d800fd02b4dcc8f44,25998245,0x00000011f84b9aa48e5f8aa8b9897600006289be,0x225a38bc71102999dd13478bfabd7c4d53f2dc17,WETH,USDC,19341.01,-0.000281,-0.000281
0x7894e84a56eff0e86f094cc54ca4d9c425aad341ab6f06b0457972a474a4524d,25998770,0x00000011f84b9aa48e5f8aa8b9897600006289be,0x1295f63fc70e239353fcbdb863737ea316f073d1,USDT,WETH,5538.83,-0.000895,-0.000895
0x54ac90dcf9157bdd15ba4a50d7b0dea2d026e4ae4ce58c2a6d81f883dd68b06d,25998773,0x00000011f84b9aa48e5f8aa8b9897600006289be,0x06fd4eb2f2def33c1820444981b81c96f45df0fb,USDC,WETH,4999.32,-0.001249,-0.001249
0xb7a700ef7c0c914ddf5020b8ccf99c7e5c768285599f6717c64ade52a2abd019,25998902,0x00000011f84b9aa48e5f8aa8b9897600006289be,0x225a38bc71102999dd13478bfabd7c4d53f2dc17,USDC,WETH,34426.15,-0.000102,-0.000102
0xafd4bc3a7069a02dc9667c360479428ce318d74b484253ed81ebe6324f0ee189,25998940,0x00000011f84b9aa48e5f8aa8b9897600006289be,0x225a38bc71102999dd13478bfabd7c4d53f2dc17,USDC,WETH,14760.27,0.000318,0.000318
0x000ab39289e42946b5c3a4d9c01886d9df0a39d0e85199712c2f56f4eba60bfe,25998961,0x00000011f84b9aa48e5f8aa8b9897600006289be,0xbee3211ab312a8d065c4fef0247448e17a8da000,WETH,USDT,4918.53,0.000279,0.000279
0x68a15a1874b480e64ce0f60b25fc2e8934175c161341ac60483476c9a736ad4b,25999681,0x00000011f84b9aa48e5f8aa8b9897600006289be,0xbee3211ab312a8d065c4fef0247448e17a8da000,WETH,USDC,2456.49,0.003249,0.003249
0x50688321f9c211bf51be5c95483bc2c573f52feef87d46523d79c21631268731,25999695,0x00000011f84b9aa48e5f8aa8b9897600006289be,0xbee3211ab312a8d065c4fef0247448e17a8da000,WETH,USDC,4912.98,0.003168,0.003168
0x92adbb30d52bcfde10c51c21de93594c05dc8f0b56b94834207ddd38f48cd721,25999724,0x00000011f84b9aa48e5f8aa8b9897600006289be,0x06fd4eb2f2def33c1820444981b81c96f45df0fb,WETH,USDC,6141.23,0.003157,0.003157
0xe24546d0828be344e3c62bd947994c8e87a11797ede9cfed3e07851e6ba64045,25999726,0x00000011f84b9aa48e5f8aa8b9897600006289be,0x225a38bc71102999dd13478bfabd7c4d53f2dc17,WETH,USDC,6141.23,0.003115,0.003115
0xe9e33e14ce4ee2dc20044c2ca91843a99c31cc96dd9ca459c39ae227c83856e6,25999739,0x00000011f84b9aa48e5f8aa8b9897600006289be,0xbee3211ab312a8d065c4fef0247448e17a8da000,WETH,USDC,6141.23,0.003168,0.003168
0xf56a3bfdd5ef4f1fd89cb0f75a935b124fc6380491cc16b103263686da51e673,25999740,0x00000011f84b9aa48e5f8aa8b9897600006289be,0x225a38bc71102999dd13478bfabd7c4d53f2dc17,WETH,USDC,10808.56,0.002757,0.002757
0x69086148a0b92bcf24e32eb632580ac84197e143d88fc77e653f5aaad0cbb795,26001206,0x00000011f84b9aa48e5f8aa8b9897600006289be,0x06fd4eb2f2def33c1820444981b81c96f45df0fb,USDT,WETH,14988.53,0.002226,0.002226
0xceef56949b17687d536e0851aa278eaf0d97c2a2045fda4205550798b21d2757,26002077,0x00000011f84b9aa48e5f8aa8b9897600006289be,0x1295f63fc70e239353fcbdb863737ea316f073d1,WETH,USDC,2382.59,0.002145,0.001622
0x89e1b1b7ba066939e91b3975d5c591d36f387602521e5e4a3c6dc996551f0d56,26002485,0x00000011f84b9aa48e5f8aa8b9897600006289be,0xbee3211ab312a8d065c4fef0247448e17a8da000,USDT,WETH,12490.14,-0.002045,-0.002045
0x54e1ef0c06acf34a2ccf91e599360fe9410d6d75feac66af10cabd53c6198929,26002718,0x00000011f84b9aa48e5f8aa8b9897600006289be,0x06fd4eb2f2def33c1820444981b81c96f45df0fb,WETH,USDT,40744.77,0.000208,0.000208
0x7777872841ce1912f128a48a7f8944a00f29f721139d11229e9b2274ba8a5808,26003223,0x00000011f84b9aa48e5f8aa8b9897600006289be,0xbee3211ab312a8d065c4fef0247448e17a8da000,WETH,USDC,750.16,0.002082,0.002082
0x4e9c17900aef9cb8c36e87f1b0702ca41e1c94a6cb56aef26bbf303c8672d782,26003433,0x00000011f84b9aa48e5f8aa8b9897600006289be,0x5fdebb59b9147ef32a8d524f1a3b010e1b46fc36,WETH,DAI,72900.5,0.002178,0.002178
0x9a32670db58d725cbea63d69c9b04f2b647dd046455ccc1dac4e6b8eb1a91ba0,26003827,0x00000011f84b9aa48e5f8aa8b9897600006289be,0x06fd4eb2f2def33c1820444981b81c96f45df0fb,WETH,USDT,2513.51,-0.000395,-0.000395
0x1250571ba4bdac48d48f00a0e1cd6f781031c2299998c3641af809f667cf1721,26004354,0x00000011f84b9aa48e5f8aa8b9897600006289be,0xbee3211ab312a8d065c4fef0247448e17a8da000,USDT,WETH,1147.48,-0.001164,-0.001164
0x8ac1c46421d00df888ad9b6af6ec55db5bdb00c2bab260a1812b4c2b1c99c94a,26004789,0x00000011f84b9aa48e5f8aa8b9897600006289be,0x3bf1972f51fb148a3d2acd181188795586f37b98,WETH,USDT,1270.2,-0.002729,-0.002729
0xd713aa040b040a3a6dc2c6fe0d6d30d3266882f884cf8589e94b5faec546572a,26004916,0x00000011f84b9aa48e5f8aa8b9897600006289be,0xbee3211ab312a8d065c4fef0247448e17a8da000,WETH,USDC,2554.32,-0.001368,-0.001368
0xae5a3a106bb7c32c045183c7cd17d1a647487dd11a2d5f0d181e3fbbb89a6311,26004926,0x00000011f84b9aa48e5f8aa8b9897600006289be,0x225a38bc71102999dd13478bfabd7c4d53f2dc17,WETH,USDT,40520.12,-0.003168,-0.003168
0x189647694b00229914d3674cf12e2baea7600994f4951c4275cc5f80d4238b53,26004966,0x00000011f84b9aa48e5f8aa8b9897600006289be,0x225a38bc71102999dd13478bfabd7c4d53f2dc17,USDC,WETH,20733.68,0.004845,0.004845
0x62d73d9611511d5cb575a7c382fb03167e22d01e007990c933bf5117201cae9a,26004975,0x00000011f84b9aa48e5f8aa8b9897600006289be,0x225a38bc71102999dd13478bfabd7c4d53f2dc17,USDC,WETH,2357400.26,0.001931,0.001931
0x5a82e11439429dc46ad71066826235b3fc3e9ce83a1f732275b122c637209c4c,26004990,0x00000011f84b9aa48e5f8aa8b9897600006289be,0x225a38bc71102999dd13478bfabd7c4d53f2dc17,USDT,WETH,33935.98,0.000373,0.000373
0x16c7e0a2b2a0724a735235c9ae55f980afe7e7155725363f80cb02b5349a9186,26005016,0x00000011f84b9aa48e5f8aa8b9897600006289be,0xbee3211ab312a8d065c4fef0247448e17a8da000,USDT,WETH,19809.83,-0.000513,-0.000513
0x865ca8a19295da7c0d7520bc67f398881053a819af258a7ba740f5a1734bac63,26005286,0x00000011f84b9aa48e5f8aa8b9897600006289be,0x225a38bc71102999dd13478bfabd7c4d53f2dc17,USDT,WETH,40648.48,0.000322,0.000322
0xd6d4b2b360a52d6eec949321005f8b6bc3a2965425fadee1e7a343892f3b7e20,26005297,0x00000011f84b9aa48e5f8aa8b9897600006289be,0x225a38bc71102999dd13478bfabd7c4d53f2dc17,WETH,USDT,11358.66,0.001196,0.001196
0xe5c9e37b4c70e33bcc6770b57ec6ad496cd65a9b316154bdd3b0eb606038cca4,26005546,0x00000011f84b9aa48e5f8aa8b9897600006289be,0x225a38bc71102999dd13478bfabd7c4d53f2dc17,WETH,USDC,2592.89,-0.002448,-0.002448
0x23d819ee3edd3f3f51a4a009a22c07322f6622254d0984d3d0e1b854c52e10e0,26005556,0x00000011f84b9aa48e5f8aa8b9897600006289be,0xbee3211ab312a8d065c4fef0247448e17a8da000,USDC,WETH,2499.79,0.001581,0.001581
0xf530dc664268692b10351a78b366209cb90116a700d45de99a62ce34c6daed92,26006022,0x00000011f84b9aa48e5f8aa8b9897600006289be,0xbee3211ab312a8d065c4fef0247448e17a8da000,USDC,WETH,5049.59,0.002534,0.002534
0xd9a4dd4bc669649390290e687c0ceb79205690a22911c9d8d6dad3fff4ef2502,26006064,0x00000011f84b9aa48e5f8aa8b9897600006289be,0x225a38bc71102999dd13478bfabd7c4d53f2dc17,WETH,USDC,5242.33,-0.001381,-0.001381
0xf017f25fd607be64bf3700e84ec6cdd95483aebae5f3eea55a188409119fa2af,26006410,0x00000011f84b9aa48e5f8aa8b9897600006289be,0x06fd4eb2f2def33c1820444981b81c96f45df0fb,USDT,WETH,49961.77,0.00195,0.00185
0xe298564ce4d5951c0bc10cdd956577323d43fc783fb4131afbb6a9fb77f082cb,26006431,0x00000011f84b9aa48e5f8aa8b9897600006289be,0x225a38bc71102999dd13478bfabd7c4d53f2dc17,WETH,USDC,2991.1,-0.004832,-0.004832
0x8a4c081a6e89b43d59f3d85741389fec5a61c3e32eeba9a1c208f5e719660697,26006473,0x00000011f84b9aa48e5f8aa8b9897600006289be,0xbee3211ab312a8d065c4fef0247448e17a8da000,WETH,USDC,2633.39,0.000458,0.000458
0xa19b8c73cfff67e9b75eaef6ab2d94b83cf8545f390c3fafe7081eef6a7dee52,26006476,0x00000011f84b9aa48e5f8aa8b9897600006289be,0x225a38bc71102999dd13478bfabd7c4d53f2dc17,WETH,USDC,3006.08,-0.001134,-0.001134
0xda5254ede37e01bb2dbc777e5a7c56a9bf60afcf4fe528d4ea7dc0ce183e99bd,26006649,0x00000011f84b9aa48e5f8aa8b9897600006289be,0x225a38bc71102999dd13478bfabd7c4d53f2dc17,WETH,USDT,32264.33,0.001184,0.001184
0x0073b418da6e2d5bc034d0785f47cd6c97bbd1223e1238077f0897e629379a6f,26007347,0x00000011f84b9aa48e5f8aa8b9897600006289be,0xbee3211ab312a8d065c4fef0247448e17a8da000,WETH,USDT,6827.5,-0.002011,-0.002011
0x64578f37b47f44d3bfcd376dea4104a8e591387f970198b97a5b7f748bafc76c,26007720,0x00000011f84b9aa48e5f8aa8b9897600006289be,0x225a38bc71102999dd13478bfabd7c4d53f2dc17,WETH,USDC,107262.37,0.002626,0.002626
0xe86c0fcbf742126d3122859dcd29bd2388a754981b769b3f52016b32fe0a3349,26007884,0x00000011f84b9aa48e5f8aa8b9897600006289be,0xe0763177d7e80e290fc4fea055fae11f5024f687,USDT,WETH,30012.08,-0.000732,-0.00092
0x70ae7d92f53eb88b6fff29fdae00691d42a446ea7fb5812583a9cd3874053ae2,26008322,0x00000011f84b9aa48e5f8aa8b9897600006289be,0xbee3211ab312a8d065c4fef0247448e17a8da000,WETH,USDC,1926.99,-0.000879,-0.000879
0x3e1b48b7a42044bbff745a836a0036c97d840947a2703b0c7002f7f1203449d5,26008392,0x00000011f84b9aa48e5f8aa8b9897600006289be,0x06fd4eb2f2def33c1820444981b81c96f45df0fb,USDC,WETH,3186.74,-0.00118,-0.00118
0x8e6713ae203ea1fa3cbd6f52f8bc98bbc455a7bf9f9e9b9a31726d571a1709bb,26008734,0x00000011f84b9aa48e5f8aa8b9897600006289be,0x225a38bc71102999dd13478bfabd7c4d53f2dc17,WETH,USDC,66410.92,-0.001248,-0.001248
0xfa051315a679c2b98b5264a5ec6c39d79955f4380e635d5f8a1f03a2523f9966,26008782,0x00000011f84b9aa48e5f8aa8b9897600006289be,0xbee3211ab312a8d065c4fef0247448e17a8da000,USDT,WETH,9996.92,0.002614,0.002614
0x03ab8b9729060e4d489d6e7bdc837a4d93524556ffc78d8aaba7876b76ae3882,26008868,0x00000011f84b9aa48e5f8aa8b9897600006289be,0xbee3211ab312a8d065c4fef0247448e17a8da000,WETH,USDC,811.87,-0.001243,-0.001243
0x5554bd83db013ae674b5082012fb07190c57b22ae1e21e339181f03fceabcaa1,26008919,0x00000011f84b9aa48e5f8aa8b9897600006289be,0x225a38bc71102999dd13478bfabd7c4d53f2dc17,USDT,WETH,9996.92,0.001106,0.001106
0x20ba4e2199f5a7d73e70b397e9f2e8a43392057975a900fe8d9822c7086bb795,26009110,0x00000011f84b9aa48e5f8aa8b9897600006289be,0xbee3211ab312a8d065c4fef0247448e17a8da000,WETH,USDC,1113.89,-0.002119,-0.002119
0x5ffb307ab44eda478e64b0b988cd2967e603054abd2dfffc6ff4224851f4d97a,26009574,0x00000011f84b9aa48e5f8aa8b9897600006289be,0xbee3211ab312a8d065c4fef0247448e17a8da000,USDC,WETH,911.93,-0.001287,-0.001287
0x436d38f5d490d8de1e477037fceaa3b600a4f938af85c6057677872d86e32d2c,26010454,0x00000011f84b9aa48e5f8aa8b9897600006289be,0x225a38bc71102999dd13478bfabd7c4d53f2dc17,USDC,WETH,19998.36,-0.001518,-0.001518
0xb0813c8ef6c4da8551a9bd09ff9c0d243205317f755641a214aebb742f5bb1ce,26010773,0x00000011f84b9aa48e5f8aa8b9897600006289be,0x225a38bc71102999dd13478bfabd7c4d53f2dc17,WETH,USDC,13188.25,-0.00132,-0.00132
0x6b8654c0b470753d28fb1233cf4287f4bde72b59365d3c0fdee9e904f45f126c,26012918,0x00000011f84b9aa48e5f8aa8b9897600006289be,0xbee3211ab312a8d065c4fef0247448e17a8da000,USDT,WETH,3499.75,-0.000292,-0.000292
0x44eaa73918b0a19b83de40d2bbecad932cdfeebd3dbda9ae72248758d418dc58,26013161,0x00000011f84b9aa48e5f8aa8b9897600006289be,0xbee3211ab312a8d065c4fef0247448e17a8da000,WETH,USDT,1311.51,-0.00058,-0.00058
0x6c834bd15919bac2dcf43fcf484d0009486493232c20ce7e1dc99758e2b7e6e6,26013695,0x00000011f84b9aa48e5f8aa8b9897600006289be,0x225a38bc71102999dd13478bfabd7c4d53f2dc17,WETH,USDT,395344.5,8.9e-05,8.9e-05
0x7c22f45f0a1380a3a95064c17a233eaacc83edfb212cfc3804569d943da5f42c,26013875,0x00000011f84b9aa48e5f8aa8b9897600006289be,0xbeef02961503351625926ea9a11ae13b29f5c555,USDT,WETH,9996.95,0.001423,0.001423
0xd55d07f2fde092396c33c158326591fd9a59f9826ec4fc2e6cee456da32d31e9,26015579,0x00000011f84b9aa48e5f8aa8b9897600006289be,0x225a38bc71102999dd13478bfabd7c4d53f2dc17,USDC,WETH,11523.39,-0.000544,-0.000544
0x82167023087291941dc5123e7e7e059fa00837fe9b7ff4fcd8cc526cf4ade899,26016031,0x00000011f84b9aa48e5f8aa8b9897600006289be,0xbee3211ab312a8d065c4fef0247448e17a8da000,WETH,USDT,1959.28,0.002209,0.002209
0x0bbd2eb7e3efdd4831c982c117bbd3f8be7354f30f4575ab76a07b0849f1676d,26016111,0x00000011f84b9aa48e5f8aa8b9897600006289be,0x06fd4eb2f2def33c1820444981b81c96f45df0fb,USDT,WETH,9996.95,-0.00408,-0.00408
0xeaab2b710c9ac7e1d9a41c734c4198be12a6e50b2ac38b4b54342d8599dda59a,26016362,0x00000011f84b9aa48e5f8aa8b9897600006289be,0x225a38bc71102999dd13478bfabd7c4d53f2dc17,WETH,USDC,11348.85,-0.001734,-0.001734
0xef7e5e56acfc3a16511650054d565c5b026a1900665a7bf03154589cf4bb72c9,26017536,0x00000011f84b9aa48e5f8aa8b9897600006289be,0xbee3211ab312a8d065c4fef0247448e17a8da000,WETH,USDC,2627.67,-0.000293,-0.000293
0x18c534e7129a932d14b274d96d0f8a7db8a3415a373a882c397eadb490670d0d,26017810,0x00000011f84b9aa48e5f8aa8b9897600006289be,0xbee3211ab312a8d065c4fef0247448e17a8da000,USDT,WETH,3798.84,0.001147,0.001147
0x72c1c6d982e3832e41ffb8ae5842527b22e37a0d9afa92335cf19185f0ba99c1,26018782,0x00000011f84b9aa48e5f8aa8b9897600006289be,0xbee3211ab312a8d065c4fef0247448e17a8da000,WETH,USDT,20000.01,0.000305,0.000305
0x2cfa8c3ea98761a4b271ba301216bd88c71e0bf46de10c93705dcb88a17606c6,26018967,0x00000011f84b9aa48e5f8aa8b9897600006289be,0xbee3211ab312a8d065c4fef0247448e17a8da000,USDT,WETH,699.79,0.002204,0.002204
0x583d792bb9a7e008d7c7e3252669d50af50efcf65ba35a82c2085dd14285a1c1,26019603,0x00000011f84b9aa48e5f8aa8b9897600006289be,0x225a38bc71102999dd13478bfabd7c4d53f2dc17,USDC,WETH,3003.16,-0.002094,-0.002094
0xc3363604080b45394515fea26d6a40c0f0d81250fee5c4acb4805293593c2f78,26019724,0x00000011f84b9aa48e5f8aa8b9897600006289be,0x225a38bc71102999dd13478bfabd7c4d53f2dc17,USDT,WETH,10941.95,0.000398,0.000398
0xddd16ab0986ea2fc15b71360ea8f45185966eec34f69227e7e08331c5b0aff00,26019805,0x00000011f84b9aa48e5f8aa8b9897600006289be,0xbee3211ab312a8d065c4fef0247448e17a8da000,USDT,WETH,3913.75,0.001907,0.001907
0x0305fd2b30c8362fa2d29776fab86196121ba23b36cae27db9a78aaf3e53a553,26020172,0x00000011f84b9aa48e5f8aa8b9897600006289be,0xbee3211ab312a8d065c4fef0247448e17a8da000,WETH,USDT,10240.82,0.002217,0.002217
0xf27d419ab1af6c345924632fc1728e0ad44b92f1c1b5d638b806e9a94177d30d,26020508,0x00000011f84b9aa48e5f8aa8b9897600006289be,0xbee3211ab312a8d065c4fef0247448e17a8da000,WETH,USDC,657.74,-0.001351,-0.001351
0x1e165c804c06289845425261a45829c000b1feec81faa4de074db648fcb3ce63,26023066,0x00000011f84b9aa48e5f8aa8b9897600006289be,0xbee3211ab312a8d065c4fef0247448e17a8da000,WETH,USDT,10083.6,5.3e-05,5.3e-05
0x04bdc6e6cb1235ca679da3d1ff77a8a114268966222f47e821ecdb6f2550f148,26023465,0x00000011f84b9aa48e5f8aa8b9897600006289be,0xbee3211ab312a8d065c4fef0247448e17a8da000,WETH,USDT,4100.16,0.001398,0.001398
0xe8e34ea9b83e6c2ee8b1176d90b34b79243f6d7bf226fc8a86d15f218f9397f4,26023778,0x00000011f84b9aa48e5f8aa8b9897600006289be,0x225a38bc71102999dd13478bfabd7c4d53f2dc17,WETH,USDC,27172.33,-0.001433,-0.001433
0x3b98de874b1ed19d82fbee9e1c9d37b31c3e024740c40e034adef2c8c4f22de8,26025634,0x00000011f84b9aa48e5f8aa8b9897600006289be,0x06fd4eb2f2def33c1820444981b81c96f45df0fb,USDC,WETH,5760.5,0.00159,0.00159
0xf94e31431c545fbf5b8e7bd41cd95ebadf778200de682c0f4694ed90655beea2,26025712,0x00000011f84b9aa48e5f8aa8b9897600006289be,0x225a38bc71102999dd13478bfabd7c4d53f2dc17,USDT,WETH,29992.83,0.00348,0.00348
0xe36bf175f21ecf9bf6a6d36015716a4b3a97a3bbe85df6af819fc7a9d60a6e37,26025878,0x00000011f84b9aa48e5f8aa8b9897600006289be,0x225a38bc71102999dd13478bfabd7c4d53f2dc17,USDC,WETH,17154.16,0.000473,0.000473
0x5e4df555cc4c2b4f1d5e4bd20387cf3ea0b677808f2dd99ad69eb15bb217895f,26025901,0x00000011f84b9aa48e5f8aa8b9897600006289be,0xbee3211ab312a8d065c4fef0247448e17a8da000,USDT,WETH,989.75,0.000526,0.000526
0x31dbbe8cdf26cfbd29c8580302547f80824ce7819da885aafeb12687b09102e3,26025971,0x00000011f84b9aa48e5f8aa8b9897600006289be,0x225a38bc71102999dd13478bfabd7c4d53f2dc17,USDT,WETH,8997.85,0.001562,0.001562
0x0407dbcd245b785bbe3abe95ac19a622003eea53b8f48a6ac49838b78493d002,26026553,0x00000011f84b9aa48e5f8aa8b9897600006289be,0x225a38bc71102999dd13478bfabd7c4d53f2dc17,USDC,WETH,3319.64,0.00047,0.00047
0xa0354a7da21d5f8f081c368e7a6747d486aedf53420b7dd320d1229e91b022ba,26027011,0x00000011f84b9aa48e5f8aa8b9897600006289be,0x06fd4eb2f2def33c1820444981b81c96f45df0fb,USDT,WETH,29992.83,0.001517,0.001417
0xbf9ab0e25dc8e4b8b38d7b80e7f664116adf5f061d75232e7f0571c745ffcac8,26027080,0x00000011f84b9aa48e5f8aa8b9897600006289be,0x225a38bc71102999dd13478bfabd7c4d53f2dc17,USDC,WETH,29998.5,-0.000267,-0.000267
0x585cfa573b6105d1d932f5b80dbe6211bb9b64b56101dd41c83d99c8961430bf,26027082,0x00000011f84b9aa48e5f8aa8b9897600006289be,0x225a38bc71102999dd13478bfabd7c4d53f2dc17,USDC,WETH,29998.5,-0.000308,-0.000308
0x15b8f9f5589e52246daff8900d258c5f15e91c1948b2c420effb9bc59d6df31a,26027083,0x00000011f84b9aa48e5f8aa8b9897600006289be,0xbee3211ab312a8d065c4fef0247448e17a8da000,USDC,WETH,29998.5,-0.000644,-0.000644
0x2db4426802d20a62ab760767c222b1df8d54cda85e17925bae104cff86719585,26028045,0x00000011f84b9aa48e5f8aa8b9897600006289be,0x225a38bc71102999dd13478bfabd7c4d53f2dc17,WETH,DAI,313321.05,0.003333,0.003333
0x5a5243dc68cb4e285a8f9e577be14d57536e5efd28a0d8cadace873539427289,26029777,0x00000011f84b9aa48e5f8aa8b9897600006289be,0x225a38bc71102999dd13478bfabd7c4d53f2dc17,WETH,USDC,114567.28,-0.00381,-0.00381
0x4348abc043583856cf5bc98edf7d298a5d107bf9a8647bb41f7151e693e23ce0,26030050,0x00000011f84b9aa48e5f8aa8b9897600006289be,0x225a38bc71102999dd13478bfabd7c4d53f2dc17,USDC,WETH,60850.58,0.000794,0.000794
0x3f38d043657676445f636a96056f47dab8e3f411fd1939cf3b449cb992dad718,26030123,0x00000011f84b9aa48e5f8aa8b9897600006289be,0xbee3211ab312a8d065c4fef0247448e17a8da000,USDT,WETH,2315.41,0.001638,0.001638
0x4f2f2fe5115cdf9ad0e8c9df383fb7c6c16c2e7827bab18e63e722c4630d4f45,26031217,0x00000011f84b9aa48e5f8aa8b9897600006289be,0x06fd4eb2f2def33c1820444981b81c96f45df0fb,USDT,WETH,9999.52,-0.002839,-0.002839
0x2b5e64380396f729d7c18ca0bdcba931a0db5cf7d6f4977c0fa82fbfac383dd4,26031391,0x00000011f84b9aa48e5f8aa8b9897600006289be,0x225a38bc71102999dd13478bfabd7c4d53f2dc17,USDC,WETH,2208.48,-0.000636,-0.000636
0xdee3fc81ef27867dbd29d22bbfcc7cb5aef9a415109d02c741ddfc765406c623,26031492,0x00000011f84b9aa48e5f8aa8b9897600006289be,0x225a38bc71102999dd13478bfabd7c4d53f2dc17,WETH,USDT,146369.42,0.001201,0.001201
0xa33e4eae29279ef91d8f7ce1e7d75ae90f857ec8817bd1e4ded3d10b4f720eab,26031790,0x00000011f84b9aa48e5f8aa8b9897600006289be,0x225a38bc71102999dd13478bfabd7c4d53f2dc17,USDT,WETH,7499.64,0.003003,0.003003
0xe95140ac2d43ea03b592ea782a5fa0a569c82ccab5061c9fa493e00069dabbbf,26032794,0x00000011f84b9aa48e5f8aa8b9897600006289be,0xbee3211ab312a8d065c4fef0247448e17a8da000,WETH,USDT,2853.37,-0.001752,-0.001752
0x646a0c50ddb6e4da5692c186d9228db6d8b9ddbe38b7e05944c477d59135823d,26032983,0x00000011f84b9aa48e5f8aa8b9897600006289be,0x06fd4eb2f2def33c1820444981b81c96f45df0fb,WETH,USDT,28214.37,0.0008,0.0008
0xaaee922229fc64022f25190e5229bb5ab4559203be71afa74a92136900752f37,26034093,0x00000011f84b9aa48e5f8aa8b9897600006289be,0x225a38bc71102999dd13478bfabd7c4d53f2dc17,WETH,USDT,42434.94,-0.001227,-0.001227
0xf476225894f38e17b772ca7af1203200a3ab0aceaa5f0b8b1449dbaf9ed875bc,26034248,0x00000011f84b9aa48e5f8aa8b9897600006289be,0x225a38bc71102999dd13478bfabd7c4d53f2dc17,USDT,WETH,9999.52,-0.003028,-0.003028
0x7fd008572d5ee1f6ee42e83607b5c48356a93c581ddd0800946eead70eef7bd2,26034610,0x00000011f84b9aa48e5f8aa8b9897600006289be,0xbee3211ab312a8d065c4fef0247448e17a8da000,USDC,WETH,4999.32,-0.003643,-0.003643
0x49e743f75f3603cd9fa8599affc635081acca0bbab6e1936ae958f329c4cbc04,26034838,0x00000011f84b9aa48e5f8aa8b9897600006289be,0xbee3211ab312a8d065c4fef0247448e17a8da000,WETH,USDC,33465.61,-0.0012,-0.0012
0x85c1a7207d81e33afbc671022c0a1ebae3952733d67f9bc8eed4b7fcd5422389,26036441,0x00000011f84b9aa48e5f8aa8b9897600006289be,0x225a38bc71102999dd13478bfabd7c4d53f2dc17,USDT,WETH,89974.38,0.00032,0.00022
0xe3197ab7b2115f269970244c526a24a7be40cfb4b6986a41ee7d439a436ea1ee,26036938,0x00000011f84b9aa48e5f8aa8b9897600006289be,0x225a38bc71102999dd13478bfabd7c4d53f2dc17,WETH,USDC,3557351.68,0.000215,0.000215
0x75aacbec1c17514531d4f4daf1c864bb9d9bf0b3cbf9521851929a2321457b69,26037741,0x00000011f84b9aa48e5f8aa8b9897600006289be,0x225a38bc71102999dd13478bfabd7c4d53f2dc17,USDT,WETH,21846.59,0.000906,0.000906
0x4ff9eac5628ff4b2565bb3e5ae3a364c37bb2659c47c0079beb5a0251847ccae,26038278,0x00000011f84b9aa48e5f8aa8b9897600006289be,0xbee3211ab312a8d065c4fef0247448e17a8da000,WETH,USDT,5511.23,-3.2e-05,-3.2e-05
0xb1dab199efd8daec36561b99a390b9008ba9c85b4cd9675394d51f2ad704c9e8,26038664,0x00000011f84b9aa48e5f8aa8b9897600006289be,0x225a38bc71102999dd13478bfabd7c4d53f2dc17,WETH,USDC,21700.79,0.001614,0.001614
0x31651711fe648743499d2f197d691e03739a4ef66d7e7f76204cb6bda5185d40,26038721,0x00000011f84b9aa48e5f8aa8b9897600006289be,0x225a38bc71102999dd13478bfabd7c4d53f2dc17,USDT,WETH,45096.61,-0.003225,-0.003225
0xb76aecb6dc2af10d14f3eb5d3a4dc7e760b90589960e448c102e9132cbf7292c,26038815,0x00000011f84b9aa48e5f8aa8b9897600006289be,0x225a38bc71102999dd13478bfabd7c4d53f2dc17,WETH,DAI,27406.8,-0.001483,-0.001483
0x01aead5f1857db75d47fb5e00252705bb7c4ad92bebc0a97be9034e51679ae2e,26038846,0x00000011f84b9aa48e5f8aa8b9897600006289be,0x225a38bc71102999dd13478bfabd7c4d53f2dc17,WETH,DAI,27406.8,-0.000439,-0.000439
0xc6c8d32d9cd42e6f80ecb713b8f865e900c5f388bb3816766c30f3bc0d070b0a,26038852,0x00000011f84b9aa48e5f8aa8b9897600006289be,0xbee3211ab312a8d065c4fef0247448e17a8da000,WETH,USDC,3620.86,-0.000754,-0.000754
0x22c91df7a848bb5bf9cfc803b7a8caa6e0e975aa91b33272a90fe8280b586dcb,26039030,0x00000011f84b9aa48e5f8aa8b9897600006289be,0x225a38bc71102999dd13478bfabd7c4d53f2dc17,WETH,DAI,27406.8,-0.001159,-0.001159
0x85ce719f82b0379b47d1348d75a6486fa72389630824251d183a681455878899,26039294,0x00000011f84b9aa48e5f8aa8b9897600006289be,0xbee3211ab312a8d065c4fef0247448e17a8da000,USDC,WETH,4999.32,0.002523,0.002523
0xfb5f951f8494f505d6d3e3a29850831789ca4e11e3afe3f399a1d042b9214e67,26039558,0x00000011f84b9aa48e5f8aa8b9897600006289be,0x225a38bc71102999dd13478bfabd7c4d53f2dc17,USDC,WETH,5460.65,-0.001589,-0.001589
0xeb8a7a3b8bf00a9b73b5dafafd80ade31fe538f429174ec734a3b9ebb6d59e7c,26039570,0x00000011f84b9aa48e5f8aa8b9897600006289be,0x225a38bc71102999dd13478bfabd7c4d53f2dc17,USDC,WETH,5453.67,-0.00287,-0.00287
0x1403bff8ba2f721b12d9f1f800338ea12b89b521daaa717ab528cc30b350abcf,26040897,0x00000011f84b9aa48e5f8aa8b9897600006289be,0x225a38bc71102999dd13478bfabd7c4d53f2dc17,WETH,USDT,9994.5,-0.002182,-0.002182
0x84d69e119b80459daf53edfff09b7bd955350a571eaf542c1c4027c365e6e069,26040948,0x00000011f84b9aa48e5f8aa8b9897600006289be,0x225a38bc71102999dd13478bfabd7c4d53f2dc17,DAI,WETH,26792.26,0.001628,0.001628
0x39706c264d9eb0d9f91c6596e794944a639b22d5c7204cfbd130de7131878606,26041190,0x00000011f84b9aa48e5f8aa8b9897600006289be,0x225a38bc71102999dd13478bfabd7c4d53f2dc17,USDT,WETH,2659.31,0.000462,0.000462
0xbbe5d31643aefa44150aa4ead2b36b92f593d8fba96138e1f27f7854b71b4d38,26041273,0x00000011f84b9aa48e5f8aa8b9897600006289be,0x225a38bc71102999dd13478bfabd7c4d53f2dc17,USDC,WETH,20620.3,0.000796,0.000796
0xac42356503b8caae80d2e86bac85af2e72ebead06298bbe4d9db572ae3047292,26041304,0x00000011f84b9aa48e5f8aa8b9897600006289be,0xbee3211ab312a8d065c4fef0247448e17a8da000,USDT,WETH,9996.85,0.001448,0.001448
0xe8b68da7b0951e908474f02f2c21dbb87c2341ace3d80faafc246959ed351ac5,26041469,0x00000011f84b9aa48e5f8aa8b9897600006289be,0x225a38bc71102999dd13478bfabd7c4d53f2dc17,WETH,DAI,7016.31,0.000483,0.000483
0x9da710e92c7761509ea427526c3fefa75b5edfb3bdbf115e2fcc3fa79f06b493,26041873,0x00000011f84b9aa48e5f8aa8b9897600006289be,0xbee3211ab312a8d065c4fef0247448e17a8da000,USDT,WETH,9012.16,5.9e-05,5.9e-05
0x63ddd0a9d8505d3eaa2846bf0b46979275878a9a1a8716ef1f3f5d54c6396d0e,26042043,0x00000011f84b9aa48e5f8aa8b9897600006289be,0x06fd4eb2f2def33c1820444981b81c96f45df0fb,WETH,USDT,15991.98,0.001005,0.001005
0x4b07154f27886f461d7bcfef85d93a2357a21378463e73e4bccfc39b42fda9e1,26043945,0x00000011f84b9aa48e5f8aa8b9897600006289be,0xbee3211ab312a8d065c4fef0247448e17a8da000,WETH,USDC,1757.29,0.002228,0.002228
0x5a97df0c62a83d5e4534d1e009063b782e7f46563b06a85e35064e653deb9a10,26044079,0x00000011f84b9aa48e5f8aa8b9897600006289be,0x225a38bc71102999dd13478bfabd7c4d53f2dc17,USDC,WETH,15098.82,0.001529,0.001529
0x6eefc768e8286fc3183fc298a62b591256a1504c921b5c3c0d206ee95c9b2017,26044103,0x00000011f84b9aa48e5f8aa8b9897600006289be,0xbee3211ab312a8d065c4fef0247448e17a8da000,USDC,WETH,9998.21,0.000959,0.000959
0x2c0f7ba7647069ee1244162cd211fd44629ee8b1c9b85556d7a052bdbaaf5239,26044278,0x00000011f84b9aa48e5f8aa8b9897600006289be,0x06fd4eb2f2def33c1820444981b81c96f45df0fb,WETH,USDT,4327.0,-0.001745,-0.001745
0x68195bd8d7f780f5783dd70a05b9593842d360a8f892e6265537bfd3176ed171,26044438,0x00000011f84b9aa48e5f8aa8b9897600006289be,0x225a38bc71102999dd13478bfabd7c4d53f2dc17,USDC,WETH,3567209.68,0.003249,0.003249
0x3c62e272e30a9b02e326f0c5423a38e056b8bfbd45eb8ab0073511ffc0a5388d,26044489,0x00000011f84b9aa48e5f8aa8b9897600006289be,0xbee3211ab312a8d065c4fef0247448e17a8da000,USDC,WETH,499.91,0.002241,0.002241
0x159134f182275d90f75aa7bdebbd337e783d8a161154183d41f538f2c2b772d4,26046076,0x00000011f84b9aa48e5f8aa8b9897600006289be,0xa2233dbf022f6ee1026976691d0c4fc23937d2d2,USDC,WETH,8.07,0.013556,0.013556
0x9162b1530eb2c2d44a66a015ac9ba0c9ca7b8cddb64057f0177d9c0631e84df4,26047486,0x00000011f84b9aa48e5f8aa8b9897600006289be,0x06fd4eb2f2def33c1820444981b81c96f45df0fb,WETH,USDT,13211.65,-0.002478,-0.002478
0x9bc883d2685fa6aef5b292a703f9650dc6ccf87d621fa5c35af0241bee5d934d,26047866,0x00000011f84b9aa48e5f8aa8b9897600006289be,0xbee3211ab312a8d065c4fef0247448e17a8da000,WETH,USDT,2167.31,0.000242,0.000242
0x920360d24ec8af4196a832ef89a46cd71ba2f97c446ec45545332a8f48a7ae56,26047867,0x00000011f84b9aa48e5f8aa8b9897600006289be,0x225a38bc71102999dd13478bfabd7c4d53f2dc17,USDC,WETH,21846.75,0.000648,0.000648
0x10bc5b3c6f9a1b2e98a8d884920caf17ab0cf15155568741b3daa7251ded3216,26047942,0x00000011f84b9aa48e5f8aa8b9897600006289be,0xbee3211ab312a8d065c4fef0247448e17a8da000,WETH,USDC,8271.7,0.001995,0.001995
0xa824653abd1c30e96f1aa11cd2e0d2562bc28473de5e22912077cc5e4acab9b3,26047944,0x00000011f84b9aa48e5f8aa8b9897600006289be,0xbee3211ab312a8d065c4fef0247448e17a8da000,WETH,USDC,8271.7,0.002115,0.002115
0x9b72377a364dd217cdc68e65b22ed7d47449d76e983dae8d59c7ff8ee7a9c7c8,26047982,0x00000011f84b9aa48e5f8aa8b9897600006289be,0xbee3211ab312a8d065c4fef0247448e17a8da000,WETH,USDC,5296.2,0.000322,0.000322
0x03627856b653dcbc09d7c5b163981c68a621bfa6ef9e3feb432d8fc7a75866e6,26048007,0x00000011f84b9aa48e5f8aa8b9897600006289be,0x225a38bc71102999dd13478bfabd7c4d53f2dc17,WETH,DAI,26824.8,0.00305,0.00305
0x942c8514c0df19aba2fff93821f73bd7766054b3a9080003ca87499a93aeb900,26048117,0x00000011f84b9aa48e5f8aa8b9897600006289be,0xbee3211ab312a8d065c4fef0247448e17a8da000,WETH,USDT,6845.85,-0.002441,-0.002441
0x2f62b6dc0f49b7bf141709b6dfaa5dee11f6bd77369eb51474566eeafd212f33,26048413,0x00000011f84b9aa48e5f8aa8b9897600006289be,0xbee3211ab312a8d065c4fef0247448e17a8da000,WETH,USDC,18103.81,0.003654,0.003654
0x221f3e80c579674b3da5aa1d8cf9c42b0755813b678738a72c4c911208619b3d,26048446,0x00000011f84b9aa48e5f8aa8b9897600006289be,0x70a13599d5be8bf7ca7ec650c74b848ea9bf2a83,USDC,WETH,661703.99,0.002441,0.002441
0xdd4065f9c8e95e79dd10f0012ba02bfad3f86aeae13ea0bbb012969f35103da2,26049409,0x00000011f84b9aa48e5f8aa8b9897600006289be,0x225a38bc71102999dd13478bfabd7c4d53f2dc17,USDC,WETH,538940.92,0.000506,0.000506
0xf3c3d359d8831c612e0214929f75456602478da2d1221dded896dc156b0701e9,26049446,0x00000011f84b9aa48e5f8aa8b9897600006289be,0x225a38bc71102999dd13478bfabd7c4d53f2dc17,WETH,USDC,6443.27,0.000952,0.000952
0x73b61871dc63f6686a3b2313505fce2307bf22da200f0ab3ae46e6ad84dde371,26050615,0x00000011f84b9aa48e5f8aa8b9897600006289be,0xbee3211ab312a8d065c4fef0247448e17a8da000,WETH,USDT,4350.88,7.2e-05,7.2e-05
0x698b9218ba00dbf70638042f6c322698e187664915b907240b4394fe120d7b92,26051264,0x00000011f84b9aa48e5f8aa8b9897600006289be,0x225a38bc71102999dd13478bfabd7c4d53f2dc17,USDC,WETH,59526.72,-0.001223,-0.001223
0xe9b22fcb123c3d407cad2119639c70e834b796237e7d9d281bbd52defccb66f0,26052260,0x00000011f84b9aa48e5f8aa8b9897600006289be,0x06fd4eb2f2def33c1820444981b81c96f45df0fb,WETH,USDC,1013.01,0.00061,0.00061
0x6919b11a812143b97644aed56c2ec9b49fad6903fe9d28f030e8338c0a486f22,26052999,0x00000011f84b9aa48e5f8aa8b9897600006289be,0xbee3211ab312a8d065c4fef0247448e17a8da000,USDT,WETH,7713.3,0.000936,0.000936
0xf3e9eee2b8170941250051a8f081918dbedcf065df88f645bbde5cff08987f28,26053189,0x00000011f84b9aa48e5f8aa8b9897600006289be,0x225a38bc71102999dd13478bfabd7c4d53f2dc17,WETH,USDT,21459.66,-0.001987,-0.001987
0x732b785e423db9e278b83530ba610e1cf7fe2e47a59d0ce542ba5c0086ce61a9,26053277,0x00000011f84b9aa48e5f8aa8b9897600006289be,0xbee3211ab312a8d065c4fef0247448e17a8da000,USDC,WETH,8498.95,0.002202,0.002202
0x7738dc344097f7be4e4789e05161df3c4aaf2031345def7369e3adb948274adc,26053281,0x00000011f84b9aa48e5f8aa8b9897600006289be,0x225a38bc71102999dd13478bfabd7c4d53f2dc17,USDT,WETH,9695.41,0.002103,0.002103
0x71ce9a85512c9ff7d18adb2d8f1daf38c53a0ab7cc8cf45f7147bc51fe07f694,26053634,0x00000011f84b9aa48e5f8aa8b9897600006289be,0x225a38bc71102999dd13478bfabd7c4d53f2dc17,USDT,WETH,3047.49,-0.001334,-0.001334
0x10df7374f9b115c52e4d238cda41127fb61e5d41cf4741280e307768d1cc2afc,26053893,0x00000011f84b9aa48e5f8aa8b9897600006289be,0xbee3211ab312a8d065c4fef0247448e17a8da000,USDT,WETH,2691.15,-0.001152,-0.001152
0xeb59e015630987ea4d13528b43de85a95877329ffb91af161a61dad950099b24,26054628,0x00000011f84b9aa48e5f8aa8b9897600006289be,0x225a38bc71102999dd13478bfabd7c4d53f2dc17,USDC,WETH,14387.75,-0.001677,-0.001677
0x2249cd522ff207d587a968c0962e9d487e83c4ce2b58fb47d161ff5ed979e73a,26055475,0x00000011f84b9aa48e5f8aa8b9897600006289be,0xbee3211ab312a8d065c4fef0247448e17a8da000,WETH,USDC,6707.7,0.004648,0.004648
0xe11aee1be961c8ce718ac7476f8c46d2bd0ad75d4d77bef0c8fe826770e4e8e9,26056374,0x00000011f84b9aa48e5f8aa8b9897600006289be,0xbee3211ab312a8d065c4fef0247448e17a8da000,WETH,USDC,17571.4,-0.002871,-0.002871
0x19debe1c8da83303242e227ce2207598cd9bb38ba38408d2137ceef9390a7bb8,25990601,0x6000da47483062a0d734ba3dc7576ce6a0b645c4,0x81463b0f960f247f704377661ec81c1fd65b5128,USDC,WETH,499.95,0.003313,0.003313
0xb09150e87547a6d7971be9383cb2bfacd525bfaa8c56e9b374b524184120e674,25991099,0x6000da47483062a0d734ba3dc7576ce6a0b645c4,0x81463b0f960f247f704377661ec81c1fd65b5128,USDC,WETH,299.97,-0.001945,-0.001945
0xd98d061610846bae028454e500b7e0597facdc5cb8fef5f3d8f9697b3c580047,25991680,0x6000da47483062a0d734ba3dc7576ce6a0b645c4,0x1295f63fc70e239353fcbdb863737ea316f073d1,WETH,USDC,3571.35,-0.001487,-0.002813
0x22f8e32c4a85001d5f29687f67aa039b97512c82018d7e6122a00b129367887a,25991980,0x6000da47483062a0d734ba3dc7576ce6a0b645c4,0x81463b0f960f247f704377661ec81c1fd65b5128,WETH,USDC,801.23,0.001615,0.001615
0x84091f27d529671178bd24884bfa2b228c67a9d4fd0ca94e4c53ac7c2b4b2dca,25992396,0x6000da47483062a0d734ba3dc7576ce6a0b645c4,0xbeef02961503351625926ea9a11ae13b29f5c555,WETH,DAI,1105297.34,-0.001747,-0.002202
0xb049b03a27af1f0df4efb527c03a1b61204b883263f6438713594d9a94896f7e,25993302,0x6000da47483062a0d734ba3dc7576ce6a0b645c4,0x1295f63fc70e239353fcbdb863737ea316f073d1,WETH,USDC,182.04,-0.001997,-0.00243
0x789ce52829d76d45822fe1eb79b591b0b97ae3ac91499981ed311a49052355fd,25993908,0x6000da47483062a0d734ba3dc7576ce6a0b645c4,0x1295f63fc70e239353fcbdb863737ea316f073d1,WETH,USDC,2520.45,-0.00157,-0.001706
0x8b1336473c1ea3d9306c2fbdea24d0b4b1c283ea3ac338c2f073fa204a46229e,25993969,0x6000da47483062a0d734ba3dc7576ce6a0b645c4,0xbeef02961503351625926ea9a11ae13b29f5c555,USDC,WETH,499.96,0.001375,0.001375
0xc2ade044b83ad4e975410a3310ccec60990a6df2770aee9a67c516f8801103cd,25997972,0x6000da47483062a0d734ba3dc7576ce6a0b645c4,0x06cff7088619c7178f5e14f0b119458d08d2f5ef,WETH,USDC,1004.16,0.004222,0.004222
0xfbc2251aeef7c9a1920077b6bfc12cc9e03bd777dd0612d7b9c6fd92d1068151,26002144,0x6000da47483062a0d734ba3dc7576ce6a0b645c4,0xec4fb7e7c35c241e1138a2d8cfbb09f3ad1ccb22,WETH,USDT,2479.67,0.000285,0.000201
0xdd7e25bde7bf1e7ade2d548ccd23b2e9efb45fde6034495e677152a56dc9eaf4,26002196,0x6000da47483062a0d734ba3dc7576ce6a0b645c4,0x1295f63fc70e239353fcbdb863737ea316f073d1,WETH,USDC,10151.77,-0.003481,-0.004272
0xba9523c4010e72b502e07da971e96cd63d302dac76ecffb2690445ab784caf83,26002210,0x6000da47483062a0d734ba3dc7576ce6a0b645c4,0x1295f63fc70e239353fcbdb863737ea316f073d1,WETH,USDC,3156.95,-0.004923,-0.005181
0x3bda749accd26378678094a514ddd29b529087337fc6ad3076044d7d79aa589e,26003154,0x6000da47483062a0d734ba3dc7576ce6a0b645c4,0xeff6cb8b614999d130e537751ee99724d01aa167,WETH,USDT,2486.19,-0.004787,-0.004787
0x933e9a935c688917f9156401605169d2a81e34cbeba2d69c30dddbdc8d4fed77,26003364,0x6000da47483062a0d734ba3dc7576ce6a0b645c4,0xbeef02961503351625926ea9a11ae13b29f5c555,WETH,USDT,17128.57,-0.002224,-0.002487
0xe650795d1d04d889e3903cf8db147bc29a125084b6571be86f99199e77e332b7,26003428,0x6000da47483062a0d734ba3dc7576ce6a0b645c4,0xbeef02961503351625926ea9a11ae13b29f5c555,WETH,USDC,10303.42,-0.000648,-0.001344
0x6b404de29832f96856b109a8729e5fbef766fbe8e6d45279316680fd16ad7c20,26003495,0x6000da47483062a0d734ba3dc7576ce6a0b645c4,0xe2536231fc1512babc8c856ad7499830a936bdd9,DAI,WETH,72741.74,-0.003413,-1.006908
0x5bfb34c7e9621842a0fe2df9b13af768e16956630726303d7c0cef13cc689256,26003674,0x6000da47483062a0d734ba3dc7576ce6a0b645c4,0x1295f63fc70e239353fcbdb863737ea316f073d1,WETH,USDC,2250.27,-0.003743,-0.003793
0xd8dda3e0ccb6d18186a044cf66e958116cb2acce2379720273afb7b3ace4616c,26003785,0x6000da47483062a0d734ba3dc7576ce6a0b645c4,0x1295f63fc70e239353fcbdb863737ea316f073d1,WETH,DAI,73004.02,0.000132,-3.2e-05
0x61ae107036255ea3c8401c8e5388423c455464efd7670a3539dcc1f87039cce9,26003984,0x6000da47483062a0d734ba3dc7576ce6a0b645c4,0x1295f63fc70e239353fcbdb863737ea316f073d1,DAI,WETH,73015.21,-0.00095,-0.00095
0x137e489480c8a494b72ac71452e03dbb515529e2dec8182c721744ed47594924,26004109,0x6000da47483062a0d734ba3dc7576ce6a0b645c4,0xbeef02961503351625926ea9a11ae13b29f5c555,WETH,DAI,73084.57,-0.000736,-0.0009
0xc98deed9300d4185252c4965871645a8a1afffe9330c99ac363f3c1dd44a7c57,26004741,0x6000da47483062a0d734ba3dc7576ce6a0b645c4,0x1295f63fc70e239353fcbdb863737ea316f073d1,WETH,USDT,25096.0,-0.005367,-0.006368
0x1033b97b0bd2f740ed8fd742231eb00a0686213c466f021722093ae27e17dbe1,26004741,0x6000da47483062a0d734ba3dc7576ce6a0b645c4,0x1295f63fc70e239353fcbdb863737ea316f073d1,WETH,USDT,10038.4,-0.005367,-0.006871
0x40acaa57bfb98c9b3962c5fdcd6cda1f671ae3e92bc19b96f74717d63b1db319,26004744,0x6000da47483062a0d734ba3dc7576ce6a0b645c4,0x1295f63fc70e239353fcbdb863737ea316f073d1,WETH,USDT,3691.69,-0.000711,-0.001515
0xf1fad3c8a48cfca578ca9c5c775b8ea81d22eceb6cfe950f20d54afc24b5a913,26004762,0x6000da47483062a0d734ba3dc7576ce6a0b645c4,0xec4fb7e7c35c241e1138a2d8cfbb09f3ad1ccb22,WETH,USDC,5545.16,-0.003319,-0.003889
0x3ce993c25d908085990f6da667e67878f9d3098a815264268bb4c9c36c5ae7f3,26004777,0x6000da47483062a0d734ba3dc7576ce6a0b645c4,0xbeef02961503351625926ea9a11ae13b29f5c555,WETH,USDT,31247.02,-0.001041,-0.002421
0xb073908db4213dd34e9ee466da70ebce8fc84d64f7a5829647b7b4e783f4af13,26004787,0x6000da47483062a0d734ba3dc7576ce6a0b645c4,0xbeef02961503351625926ea9a11ae13b29f5c555,WETH,USDT,69778.35,-0.003008,-0.003158
0x0f400e42bb2fc7de83bdf6796a4e4c963f4250f6e0a4094dab0e412058916ecc,26004787,0x6000da47483062a0d734ba3dc7576ce6a0b645c4,0x1295f63fc70e239353fcbdb863737ea316f073d1,WETH,USDT,2540.41,-0.003008,-0.00336
0x4324dddb3ea02b1b416156ac107ca683b2e0900b6f86628fb7367df3c94b7005,26004790,0x6000da47483062a0d734ba3dc7576ce6a0b645c4,0xe2536231fc1512babc8c856ad7499830a936bdd9,WETH,USDT,90819.59,-0.003795,-0.003795
0x45bed54316af3ccf12bb58ead8f6b0264e3bd5b69ef4d7d726bbec62bc44c5f4,26004799,0x6000da47483062a0d734ba3dc7576ce6a0b645c4,0xbeef02961503351625926ea9a11ae13b29f5c555,WETH,USDT,10346.1,-0.003307,-0.004187
0xec57a89cab757ad0a2125af336391534b84e6a49fc91774499529db7753263e8,26004801,0x6000da47483062a0d734ba3dc7576ce6a0b645c4,0xec4fb7e7c35c241e1138a2d8cfbb09f3ad1ccb22,WETH,USDC,5903.18,-0.006361,-0.007021
0x11f320272e8b9c701682ef92b0e09bbe6e596dd98ac54ed94709c5d20658d816,26004941,0x6000da47483062a0d734ba3dc7576ce6a0b645c4,0xeff6cb8b614999d130e537751ee99724d01aa167,WETH,USDC,306518.34,-0.004045,-0.004045
0x3e88c6ae00c798d571b79a74ded658d5426005245eab2f848ab632a842fe1487,26005031,0x6000da47483062a0d734ba3dc7576ce6a0b645c4,0x3e8282bd1bfabd23249701e978e9db3df3d7073a,WETH,USDT,20.76,0.020407,0.020407
0x62f298280fd64ae3618ce169ab0209c1fe018c8ff5ad371bae6106fc83582b51,26005265,0x6000da47483062a0d734ba3dc7576ce6a0b645c4,0xbeef02961503351625926ea9a11ae13b29f5c555,WETH,USDT,30797.88,-0.000893,-0.002144
0x96326a4fabe96570620ce9423b9c0f96fe73339b2401574edf554ae2716c521e,26005400,0x6000da47483062a0d734ba3dc7576ce6a0b645c4,0x950fd558f47e234a2fde23b7d61f7ccdbcb4a86f,WETH,USDC,20674.17,0.00152,-0.001413
0x51e286126198152db66d32d9c239ccc6ae2837c280125c64b2b03f36d124d194,26005532,0x6000da47483062a0d734ba3dc7576ce6a0b645c4,0x3e8282bd1bfabd23249701e978e9db3df3d7073a,WETH,USDT,2592.89,-0.001977,-0.001977
0x87ec7a58c31a61dfa9cf9628c4c17f38b1f5dc81110ca49bbc3419c6ccc570a5,26005545,0x6000da47483062a0d734ba3dc7576ce6a0b645c4,0xbeef02961503351625926ea9a11ae13b29f5c555,WETH,USDT,5185.77,0.000335,-0.001754
0x33d3a876d08336d91e39c4d24592305a78354c07fe730a39c796fff1e2190bfa,26005546,0x6000da47483062a0d734ba3dc7576ce6a0b645c4,0xec4fb7e7c35c241e1138a2d8cfbb09f3ad1ccb22,WETH,USDC,8789.88,-0.002661,-0.002887
0x530a18963bfbec599ca0247fb3ad983ce6d154abe6178a7e3828ae45d0fd47a8,26005985,0x6000da47483062a0d734ba3dc7576ce6a0b645c4,0xec4fb7e7c35c241e1138a2d8cfbb09f3ad1ccb22,WETH,USDT,2598.56,0.000209,-0.000331
0x20bb3a82770ff28ba401c023034b93f3fabc2b2d53ef493b70aefb6b45359ae6,26006205,0x6000da47483062a0d734ba3dc7576ce6a0b645c4,0x1295f63fc70e239353fcbdb863737ea316f073d1,WETH,USDC,8835.09,-0.00543,-0.00721
0x8f213feb23623842157b88976a3978a3e3b77387a78a4626b3c4c439dff088cb,26006205,0x6000da47483062a0d734ba3dc7576ce6a0b645c4,0xec4fb7e7c35c241e1138a2d8cfbb09f3ad1ccb22,WETH,USDC,17930.03,-0.006246,-0.007214
0x6114d68382c78a965f5331d0220e024e984dbb5c8125a1ca8ff9e1bb2bdc9fd5,26006205,0x6000da47483062a0d734ba3dc7576ce6a0b645c4,0xf28b0b5db307d91074534d0ccac78a1349c8ea69,WETH,USDC,259.86,-0.004322,-0.006926
0x91d9db4a578723591abcd2a6d688f9d350508c42ef152389cfb4baab6fdb8d0a,26006233,0x6000da47483062a0d734ba3dc7576ce6a0b645c4,0x45432282ca0c95d9a52ecd316154db7e383f8c8b,WETH,USDC,261.84,-0.000544,-0.000544
0x1348976a7c6e54798c81b5099a23ad9feb0ea8ad0e659e82d6e365feb419a60e,26006237,0x6000da47483062a0d734ba3dc7576ce6a0b645c4,0x81463b0f960f247f704377661ec81c1fd65b5128,WETH,USDC,261.84,-0.000544,-0.000544
0x525f58850814a152b86380ef7eb400cd86a8408c042ec988098d2abdb11e088a,26006397,0x6000da47483062a0d734ba3dc7576ce6a0b645c4,0xe2536231fc1512babc8c856ad7499830a936bdd9,WETH,DAI,91904.44,-0.001856,-0.001856
0x8f16b3f6ea559183e48f7794a3f3c4d32d7a34dc5b8dac8838ed379b1af2fb5b,26006420,0x6000da47483062a0d734ba3dc7576ce6a0b645c4,0xbeef02961503351625926ea9a11ae13b29f5c555,WETH,USDC,261.84,-0.004363,-0.006673
0xa4f4bc7419e972aed98c5a0b118b0908ef5dfe863215dd7615bdd0234198af40,26006475,0x6000da47483062a0d734ba3dc7576ce6a0b645c4,0xbeef02961503351625926ea9a11ae13b29f5c555,WETH,USDT,108536.2,-0.000985,-0.001229
0xbdcb5d2f3cc365b9f574bc8d3464bc132a3e1bcb7b7da174d0fa82b4c1ded78c,26006563,0x6000da47483062a0d734ba3dc7576ce6a0b645c4,0xbeef02961503351625926ea9a11ae13b29f5c555,WETH,USDT,1316.69,-0.002202,-0.002685
0x639ee97c263129d6dd56816c818a7306d6f85184200b2a3f9a6bfd0a0bee1874,26006575,0x6000da47483062a0d734ba3dc7576ce6a0b645c4,0x1295f63fc70e239353fcbdb863737ea316f073d1,WETH,USDC,263.34,-0.002428,-0.003485
0x36d47aa3f2b84ae2aaab1d786e66bebeeea11f78546c2634fbe90a94bd80809c,26007631,0x6000da47483062a0d734ba3dc7576ce6a0b645c4,0x36331e299247e5d0d3261e1d9852f6e0cffee95c,WETH,USDC,7856.58,0.037828,0.037828
0x5ed3745b795d6b925acc14197c44397d45811efabf7f4467a6b8a8b08c2b6000,26007857,0x6000da47483062a0d734ba3dc7576ce6a0b645c4,0x1295f63fc70e239353fcbdb863737ea316f073d1,USDC,WETH,1303.89,-0.000991,-0.000991
0xd03d9174fa99c44193213aea995ef30ec435fa091a9796ec3df1fa09e2977b89,26009346,0x6000da47483062a0d734ba3dc7576ce6a0b645c4,0xeff6cb8b614999d130e537751ee99724d01aa167,WETH,USDT,784.84,-0.001548,-0.001548
0xd5170aeb94eaa864b92dec42a71740c379689e0650035b3568c3b0b1c63e0d36,26010402,0x6000da47483062a0d734ba3dc7576ce6a0b645c4,0x1295f63fc70e239353fcbdb863737ea316f073d1,WETH,USDC,265.32,0.00127,-0.000882
0x0b6e0631a06d098e1e10d4c47f3b7a72088b3a55122c883977c9e4d82ec7cb7e,26012548,0x6000da47483062a0d734ba3dc7576ce6a0b645c4,0xeff6cb8b614999d130e537751ee99724d01aa167,WETH,USDT,2640.45,-0.001038,-0.001038
0x4fc5c01f22a9c3b8dbf1beaa38c8f341af714a68092148077f1466fbb2d0233b,26015814,0x6000da47483062a0d734ba3dc7576ce6a0b645c4,0x950fd558f47e234a2fde23b7d61f7ccdbcb4a86f,USDC,WETH,3299.51,-0.002622,-1.242886
0x4c30ff3ebadd396f0b8354656a6aa7fd585c83b13aa406d50db6f2db081e3e07,26016291,0x6000da47483062a0d734ba3dc7576ce6a0b645c4,0x81463b0f960f247f704377661ec81c1fd65b5128,WETH,USDC,403.93,0.003131,0.003131
0x535966c550f26713335b385851ef587e0f4ae3a8799b11ada84ef1a6fb8fd01d,26016451,0x6000da47483062a0d734ba3dc7576ce6a0b645c4,0xeff6cb8b614999d130e537751ee99724d01aa167,WETH,USDT,1796.47,0.000554,0.000554
0x8f4d8d21211de29e17a0e5e2c36023c44a7a23d6f1aaed8519f9332f78f5a1d4,26017997,0x6000da47483062a0d734ba3dc7576ce6a0b645c4,0xbeef02961503351625926ea9a11ae13b29f5c555,WETH,USDC,10313.65,-0.000466,-0.000578
0xef78c633e63efec955d3fc563b6b4bbcc786520b5fd3168423fe59c3728947b4,26019841,0x6000da47483062a0d734ba3dc7576ce6a0b645c4,0xbeef02961503351625926ea9a11ae13b29f5c555,WETH,USDT,18238.91,-0.003655,-0.003958
0x2d4758de2b46857681bedb3080b3bfde2ece8b0f78138dc4f45c0adf7bbf3ace,26019842,0x6000da47483062a0d734ba3dc7576ce6a0b645c4,0xbeef02961503351625926ea9a11ae13b29f5c555,WETH,USDC,3294.45,-0.003882,-0.004055
0xe6e8e9139a06222adb496a93e045ce6bcd70dae79ba9adbafcc1778971fe5039,26019997,0x6000da47483062a0d734ba3dc7576ce6a0b645c4,0xeff6cb8b614999d130e537751ee99724d01aa167,WETH,USDC,10295.3,-0.00086,-0.00086
0xfbe01c3a7d109e393f7483abdc5985d046270eed0ff34c5eb59f73af7cba92f8,26021119,0x6000da47483062a0d734ba3dc7576ce6a0b645c4,0xeff6cb8b614999d130e537751ee99724d01aa167,WETH,USDC,301435.12,-0.001896,-0.001896
0x8b5a8a685cd0902d36ccf4eeef900cb2b1ef46d49dd0b2a01fbbdadccf20116a,26021678,0x6000da47483062a0d734ba3dc7576ce6a0b645c4,0x950fd558f47e234a2fde23b7d61f7ccdbcb4a86f,USDC,WETH,1318.36,0.000927,-2.684152
0x5c28e0dc36291181301fd63daaa3dfa79835c81135739d193dd9a5e8a9343701,26021985,0x6000da47483062a0d734ba3dc7576ce6a0b645c4,0xeff6cb8b614999d130e537751ee99724d01aa167,WETH,USDC,79.06,-0.003616,-0.003616
0x0a75a99fac42ef5704f79973fe2aa969e6241b893fe0b3dcc5dafb933461b789,26022179,0x6000da47483062a0d734ba3dc7576ce6a0b645c4,0xe2536231fc1512babc8c856ad7499830a936bdd9,WETH,USDT,13237.25,-0.001101,-0.001101
0xa458bf4a1ffa4bd0519e93577555e54d78185570f35b185ac88aeae406b5f1a3,26022236,0x6000da47483062a0d734ba3dc7576ce6a0b645c4,0x00000000000ba9cd9f5175108141a82b6c24d727,WETH,USDC,266.3,0.001231,0.001231
0x8d43927e4ebd9fb42ed86733e74bd1f1a17cb18379030c0c4ef0eebc703a1e56,26022236,0x6000da47483062a0d734ba3dc7576ce6a0b645c4,0xc8eb176e19515be30060d73eb19887c9eaa093a9,WETH,USDC,266.3,-0.002524,-0.006184
0x962bda41253ee770e4db14ab94317df755e180b1cece8702772cb9d384ef1aab,26022247,0x6000da47483062a0d734ba3dc7576ce6a0b645c4,0x45432282ca0c95d9a52ecd316154db7e383f8c8b,WETH,USDC,267.79,-0.000666,-0.000666
0x9416a470fd3e76f826a23daba470e9aa45e76f2640920015e798a28a24a0bcd0,26022275,0x6000da47483062a0d734ba3dc7576ce6a0b645c4,0xbeef02961503351625926ea9a11ae13b29f5c555,WETH,USDC,267.79,-0.0044,-0.006199
0x9e77164dcd5ed19b26bdbd853520f092d4500b9e28a7762b2951c0b80253ffb3,26022276,0x6000da47483062a0d734ba3dc7576ce6a0b645c4,0xa0f1c3ad83e07d97b5e7030e177718be175275ea,WETH,USDT,2677.93,-0.002775,-0.00538
0xb56cfd6cf8e9862ca70b49d29fd8d28c4dc25754fbc26a2ce3a475e2154b59a1,26022403,0x6000da47483062a0d734ba3dc7576ce6a0b645c4,0x00000000000ba9cd9f5175108141a82b6c24d727,WETH,USDC,539.0,-0.000629,-0.000629
0x3b66cef23e1315ca7c5885922f1f72ac1b432e132fd21282a0819128f8107967,26022405,0x6000da47483062a0d734ba3dc7576ce6a0b645c4,0xec4fb7e7c35c241e1138a2d8cfbb09f3ad1ccb22,WETH,USDC,998.16,-0.001742,-0.001986
0x1c7e9532a88c77e745bf002b77d2d844ebeaf2e93d0630110182e37bac2ccd81,26022410,0x6000da47483062a0d734ba3dc7576ce6a0b645c4,0x81463b0f960f247f704377661ec81c1fd65b5128,WETH,USDC,269.5,-0.001742,-0.001742
0xedcc11d4191fc4b19dd0f940749bf467d34604b925d2088dfffe115aabb337b3,26023412,0x6000da47483062a0d734ba3dc7576ce6a0b645c4,0x81463b0f960f247f704377661ec81c1fd65b5128,WETH,USDT,601.33,0.002451,0.002451
0xf798590de58a1068f9cb8d54ff64f9aed98fad3371fd0e2492c68c428b0497b0,26023636,0x6000da47483062a0d734ba3dc7576ce6a0b645c4,0x81463b0f960f247f704377661ec81c1fd65b5128,USDT,WETH,399.9,0.002254,0.002254
0x637e5e221c28a3832b888b118dd45545497e7dc52319e9c8cf3e75d22f41d535,26023783,0x6000da47483062a0d734ba3dc7576ce6a0b645c4,0xeff6cb8b614999d130e537751ee99724d01aa167,WETH,USDT,2663.95,-0.002146,-0.002146
0xe8b5492a991165156c85ad226e7441dbf84c62c582efe51b124dde110c071e6e,26024747,0x6000da47483062a0d734ba3dc7576ce6a0b645c4,0xbeef02961503351625926ea9a11ae13b29f5c555,WETH,USDC,308361.89,-2.3e-05,-0.000795
0xb3baed422ecad6e2aaa54930415dd7d9c44591ad66559bf631f2532125c22977,26024766,0x6000da47483062a0d734ba3dc7576ce6a0b645c4,0xbeef02961503351625926ea9a11ae13b29f5c555,WETH,USDT,1001.49,0.001612,0.000546
0xdf0d3ce89e32d2284766dc8e0f066129417b196d192ea3d6bf26a3be9a36e831,26024987,0x6000da47483062a0d734ba3dc7576ce6a0b645c4,0xec4fb7e7c35c241e1138a2d8cfbb09f3ad1ccb22,WETH,USDC,13466.4,-0.006099,-0.006326
0x998754f390c8814a4f13dc4bb33eae7a6117267171d8362c60fa5472ce4374c7,26024999,0x6000da47483062a0d734ba3dc7576ce6a0b645c4,0x81463b0f960f247f704377661ec81c1fd65b5128,WETH,USDC,5120.29,0.00016,0.00016
0x52226e51820cca21d0ebbe10555c8e347e60eaa4ddb507a5ff7e81f5d8d64e28,26025004,0x6000da47483062a0d734ba3dc7576ce6a0b645c4,0x45432282ca0c95d9a52ecd316154db7e383f8c8b,WETH,USDC,270.98,2.3e-05,2.3e-05
0xc659f5700f406d32f6226fe28569bee1d3ad82f5e0a540115bb6bae74ac003a2,26025009,0x6000da47483062a0d734ba3dc7576ce6a0b645c4,0x45432282ca0c95d9a52ecd316154db7e383f8c8b,WETH,USDC,270.98,-0.003667,-0.003667
0xe2a4ca70dedc83911f2797ad8bda2f58ff759b7f14414da01ce16140d5aba4d0,26025043,0x6000da47483062a0d734ba3dc7576ce6a0b645c4,0x81463b0f960f247f704377661ec81c1fd65b5128,WETH,USDC,272.72,-0.000927,-0.000927
0x54e40e01b8d6534ac553c2e40af9f0b84b5087ce66e776dabfb21d3c4de0e2af,26025847,0x6000da47483062a0d734ba3dc7576ce6a0b645c4,0x06cff7088619c7178f5e14f0b119458d08d2f5ef,WETH,USDT,5443.19,-0.001012,-0.001012
0x3c3ab9516c7bfe992f9595e48832de82e4fa529a922b04a77caefc86f06a33ba,26025864,0x6000da47483062a0d734ba3dc7576ce6a0b645c4,0xeff6cb8b614999d130e537751ee99724d01aa167,WETH,USDT,816.48,-0.000545,-0.000545
0x0d53298c3c579c29338a92dd51db5e9ecad8ccde2dd26e0e44f2664696d9f69f,26026304,0x6000da47483062a0d734ba3dc7576ce6a0b645c4,0x81463b0f960f247f704377661ec81c1fd65b5128,WETH,USDC,273.48,-0.0018,-0.0018
0xaef73a9da69003d335f0841f4f74f295298ec2a512c99c2ede197888793a00df,26026590,0x6000da47483062a0d734ba3dc7576ce6a0b645c4,0xec4fb7e7c35c241e1138a2d8cfbb09f3ad1ccb22,WETH,USDC,46316.86,-0.00603,-0.007194
0x869b4bb1c3f2bb80f7e27a1bf4b270831f59ca250dcd7f45a0f175d85adee616,26026590,0x6000da47483062a0d734ba3dc7576ce6a0b645c4,0xec4fb7e7c35c241e1138a2d8cfbb09f3ad1ccb22,WETH,USDC,20034.5,-0.005299,-0.007061
0xd4bb1174771fde4f5876cdf6fcfa717712707b66f3c3b54ed601f6b8a279fdcd,26026595,0x6000da47483062a0d734ba3dc7576ce6a0b645c4,0xeff6cb8b614999d130e537751ee99724d01aa167,WETH,USDC,1101.45,0.001425,0.001425
0xb9f86dcba880701cfafde5e9949f97b1515e7dd4718fb026714edf28a371fe62,26026719,0x6000da47483062a0d734ba3dc7576ce6a0b645c4,0x81463b0f960f247f704377661ec81c1fd65b5128,DAI,WETH,499.99,-0.002399,-0.002399
0x423b43353272d9ecf1a363c50b8055eada3a3ceda373d882663a96f0535207bd,26026779,0x6000da47483062a0d734ba3dc7576ce6a0b645c4,0x81463b0f960f247f704377661ec81c1fd65b5128,DAI,WETH,499.99,0.000476,-0.28945
0x3a4b359deb459974af6f5adee55b118888ca47c1b74136e58635d84e138e5910,26026871,0x6000da47483062a0d734ba3dc7576ce6a0b645c4,0x81463b0f960f247f704377661ec81c1fd65b5128,WETH,USDC,62.91,-0.002413,-23.334447
0x4587e654806de508d34f24d2557dcd94668bb306d4b3a431ea87cafa4f976d32,26026875,0x6000da47483062a0d734ba3dc7576ce6a0b645c4,0xeff6cb8b614999d130e537751ee99724d01aa167,WETH,USDC,19145.73,-0.005337,-0.005337
0x1ddb47caed5727edeb5bb781fb29647c7a205eba3cbe19ec754c1218109862d8,26026891,0x6000da47483062a0d734ba3dc7576ce6a0b645c4,0xeff6cb8b614999d130e537751ee99724d01aa167,WETH,USDC,137.54,0.002159,0.002159
0x92837ae787b97cea98514ca52fdd16e9f4e15bb7c93b7e9c356814381734cd52,26026893,0x6000da47483062a0d734ba3dc7576ce6a0b645c4,0x81463b0f960f247f704377661ec81c1fd65b5128,WETH,USDC,275.08,0.000345,-2.365747
0x75d317d762b350c38f974129b72f43cf68ebfdabf28af02764141a1874ec7150,26027087,0x6000da47483062a0d734ba3dc7576ce6a0b645c4,0x81463b0f960f247f704377661ec81c1fd65b5128,WETH,USDC,276.36,0.001337,0.001337
0xadb3e0ddc23a8c3068fbee5f969636556a9846b5e33b87b51ca2fe7781839321,26027241,0x6000da47483062a0d734ba3dc7576ce6a0b645c4,0x81463b0f960f247f704377661ec81c1fd65b5128,WETH,USDT,2256.03,0.003335,0.003335
0xa29d1e7b29103685c09d936dc856605fc37a5147782157f9a44157338f833181,26027919,0x6000da47483062a0d734ba3dc7576ce6a0b645c4,0x0000000000be226afde21672a5e4adc45692e69d,WETH,USDT,8272.62,-0.003916,-0.004882
0x6e9794c81cfbaae18a8d820de381f7f845a387b6bc82d03b5e4a60f7fe48fc7c,26027919,0x6000da47483062a0d734ba3dc7576ce6a0b645c4,0xeff6cb8b614999d130e537751ee99724d01aa167,WETH,USDC,117.88,-0.003257,-0.003257
0x8931a2081a871bea189dd3fdc4cab07a69c41b65065d9df0c3aa5d7e10a711c5,26028002,0x6000da47483062a0d734ba3dc7576ce6a0b645c4,0x81463b0f960f247f704377661ec81c1fd65b5128,WETH,USDC,277.18,0.000707,0.000707
0x3752eff6dd715ae08ab9bbf45bcce6a48261b85c2837202c3f8cdd90cd0a90f0,26028216,0x6000da47483062a0d734ba3dc7576ce6a0b645c4,0xeff6cb8b614999d130e537751ee99724d01aa167,WETH,USDT,27148.59,-0.003466,-0.003466
0xa2d7e51547f4594a246d0ba9a2aea1d05423af8b461370dc54b8f3a974a44971,26028219,0x6000da47483062a0d734ba3dc7576ce6a0b645c4,0xbeef02961503351625926ea9a11ae13b29f5c555,WETH,USDT,2770.26,-0.007076,-0.009719
0x99bc77c9631cdfe2b2ca7b429ccbfef6c519e258fca34d00b2e275cfb41e825d,26028219,0x6000da47483062a0d734ba3dc7576ce6a0b645c4,0x1295f63fc70e239353fcbdb863737ea316f073d1,WETH,USDC,277.03,-0.003464,-0.007663
0xcb1f6eea76b50e3ba18d0cbe5556b4ce04c5ce8bdb4ec5190e1395a2cb8ed625,26028230,0x6000da47483062a0d734ba3dc7576ce6a0b645c4,0x81463b0f960f247f704377661ec81c1fd65b5128,WETH,USDC,279.72,0.002617,-6.358313
0xc12613abd7f3c374cd53c2b6353f84576b0390ea439b82c4c13c8897312ad51d,26028241,0x6000da47483062a0d734ba3dc7576ce6a0b645c4,0xeff6cb8b614999d130e537751ee99724d01aa167,WETH,USDT,2797.18,-0.00096,-0.00096
0x69ae813495a5b816e97caab7f7d28348a6026ae8cfa5e0bf3bf8878c85a6e75b,26028241,0x6000da47483062a0d734ba3dc7576ce6a0b645c4,0xeff6cb8b614999d130e537751ee99724d01aa167,WETH,USDT,349.65,-0.000602,-0.000602
0x1851b30fe8b68079cbe2a0ef87b971898747002997af48228dba17e4d46e3dca,26028241,0x6000da47483062a0d734ba3dc7576ce6a0b645c4,0xeff6cb8b614999d130e537751ee99724d01aa167,WETH,USDC,559.44,-0.000958,-0.000958
0x427a22d739ff167c107eda8171a9e59ccdf597ca12626c2831d4433831ba3964,26028242,0x6000da47483062a0d734ba3dc7576ce6a0b645c4,0xe2536231fc1512babc8c856ad7499830a936bdd9,WETH,USDT,13985.9,-0.00096,-0.00096
0x3be4a79faa5f1fed7657db8f9c0f0eae79c41f35bb66194b2196f1c8e7c99c3a,26028257,0x6000da47483062a0d734ba3dc7576ce6a0b645c4,0xf28b0b5db307d91074534d0ccac78a1349c8ea69,WETH,USDC,279.72,-0.000958,-0.002837
0x09662186a27907dd4e3119cc1165d0ea7af143da65625160608f60b9c3863267,26028266,0x6000da47483062a0d734ba3dc7576ce6a0b645c4,0x45432282ca0c95d9a52ecd316154db7e383f8c8b,WETH,USDC,279.72,-0.000958,-0.000958
0xd016af7b2fb719b13dbbfde3b6e3ae438bd4b9c15b8c1be455a6619771faa1fd,26029710,0x6000da47483062a0d734ba3dc7576ce6a0b645c4,0x1295f63fc70e239353fcbdb863737ea316f073d1,USDT,WETH,13999.33,-0.000417,-0.000417
0x186aa79b9bf1108c05eba6ebfed3704822d8ea0b6984d045c247881c6bed2c4e,26030885,0x6000da47483062a0d734ba3dc7576ce6a0b645c4,0xec4fb7e7c35c241e1138a2d8cfbb09f3ad1ccb22,USDC,WETH,20140.99,-0.000292,-0.000292
0xef8baf0c6dfac0e28a6bdb54ca06828b25d255fad9009e74e5856d5d8630d133,26033178,0x6000da47483062a0d734ba3dc7576ce6a0b645c4,0x1295f63fc70e239353fcbdb863737ea316f073d1,WETH,USDC,10111.45,-0.002379,-0.002503
0xc14d7fb6f7fbacebe699feeb93fbc457125ba81eb6e36c7778b967b2f8c40ff2,26033194,0x6000da47483062a0d734ba3dc7576ce6a0b645c4,0x0000000000be226afde21672a5e4adc45692e69d,WETH,USDT,20310.11,-0.003473,-0.003959
0x8dea3deacb56ef296cf41de05d954e402536d5dc1636a745019a49039e05fb0b,26033636,0x6000da47483062a0d734ba3dc7576ce6a0b645c4,0xbeef02961503351625926ea9a11ae13b29f5c555,USDC,WETH,2999.85,-0.00212,-0.00212
0x5cbcf89025027b20c997acb1432cd7ccf448157cc00a922f228db9061d8bf02e,26033663,0x6000da47483062a0d734ba3dc7576ce6a0b645c4,0xeff6cb8b614999d130e537751ee99724d01aa167,USDT,WETH,20380.02,-0.00078,-0.00078
0x0253e7670c072f5c14305ccbfb19d7716b86f02820993d82649ab6407d555753,26034544,0x6000da47483062a0d734ba3dc7576ce6a0b645c4,0xbeef02961503351625926ea9a11ae13b29f5c555,WETH,USDC,20519.44,-0.004987,-0.005201
0xb4529641e4df053b2a3bea8db6525384cfd76f80a271140663d8580053fdc291,26034681,0x6000da47483062a0d734ba3dc7576ce6a0b645c4,0x950fd558f47e234a2fde23b7d61f7ccdbcb4a86f,DAI,WETH,2999.95,-0.001975,-1.356611
0x22f427fdb0f51348cdc860da77ecddf610aac6f76399d9667e92472d16e41f67,26035906,0x6000da47483062a0d734ba3dc7576ce6a0b645c4,0xeff6cb8b614999d130e537751ee99724d01aa167,WETH,USDT,975.75,0.002368,0.002368
0xc1294ffdc19149ce13a275d54e9c383ae0e25dce0ad6ebd1e12a9e2dcee95aa0,26035983,0x6000da47483062a0d734ba3dc7576ce6a0b645c4,0xec4fb7e7c35c241e1138a2d8cfbb09f3ad1ccb22,USDT,WETH,999.72,0.001818,0.001818
0xe25e244847bbe70fa7d21273897c02f3909c3d48039cb3fa8ee7b625cfd5505a,26036831,0x6000da47483062a0d734ba3dc7576ce6a0b645c4,0xbeef02961503351625926ea9a11ae13b29f5c555,WETH,USDC,3009.14,-0.004503,-0.004758
0x6249913755f060cd4a44131087de42ac5e0323cbf7d67886866b1f4e1363a5f0,26036998,0x6000da47483062a0d734ba3dc7576ce6a0b645c4,0x950fd558f47e234a2fde23b7d61f7ccdbcb4a86f,USDC,WETH,3022.59,-0.001011,-1.004025
0x42f0e2aabf6d16589c0cf581a9cc6a8e06c93239f18078fedbfef1e623f96a1c,26037466,0x6000da47483062a0d734ba3dc7576ce6a0b645c4,0x81463b0f960f247f704377661ec81c1fd65b5128,WETH,USDC,3020.9,-0.003555,-0.217391
0x218297bb861a20d5595b9eaf41eb934d1a3063d0b16e29d690ba680ea835f22d,26037570,0x6000da47483062a0d734ba3dc7576ce6a0b645c4,0xeff6cb8b614999d130e537751ee99724d01aa167,WETH,USDT,3048.95,-0.002166,-0.002166
0x00c76b938b979d116a4f52d65e80b5a7c86b7c9f671e8da77fdd2eeaa1cae723,26039100,0x6000da47483062a0d734ba3dc7576ce6a0b645c4,0xeff6cb8b614999d130e537751ee99724d01aa167,USDC,WETH,3031.59,-0.005559,-0.005559
0x853fe284e2695946e0fdacd414f718c40770a3b6920e14a4f507ef079355fe9c,26039105,0x6000da47483062a0d734ba3dc7576ce6a0b645c4,0xec4fb7e7c35c241e1138a2d8cfbb09f3ad1ccb22,USDC,WETH,13648.16,-0.000396,-0.000396
0x4d48cffbb3c2b120056e6f5f1b9275facbf9c55762a5b944a8eb2ec4a3245fb1,26039852,0x6000da47483062a0d734ba3dc7576ce6a0b645c4,0xf28b0b5db307d91074534d0ccac78a1349c8ea69,USDC,WETH,9998.65,-0.002041,-0.002041
0x6c441b60250c67dc4e323705a8668eabfc10e6b55776b41c9a32cef6bbc5a765,26040104,0x6000da47483062a0d734ba3dc7576ce6a0b645c4,0x3884cf9171f53f3cb29bbca1594af8a0efd5567e,DAI,WETH,73127.09,-0.000796,-1.001619
0xd92560da53995822a7d63aaa1222ab14e7c2ec817726608aba1a8e42726adaa4,26040128,0x6000da47483062a0d734ba3dc7576ce6a0b645c4,0x1295f63fc70e239353fcbdb863737ea316f073d1,DAI,WETH,499.84,-0.002626,-0.002626
0x685249c1121cf137a1402a8ea8f95b2896029528658d6e640c318892e703ad40,26040159,0x6000da47483062a0d734ba3dc7576ce6a0b645c4,0x1295f63fc70e239353fcbdb863737ea316f073d1,WETH,USDC,13623.05,6.5e-05,-6.7e-05
0xed5e0eff07be19fe4628f246a8f93dd574aaed8efb3797302f758d28776f9d35,26040362,0x6000da47483062a0d734ba3dc7576ce6a0b645c4,0xbeef02961503351625926ea9a11ae13b29f5c555,USDT,WETH,9997.15,-0.001197,-0.001197
0x151fcafe91cdba823aadf84bf4bbe2c0f3c7232306607aa25e2f6d3cd98050b1,26040676,0x6000da47483062a0d734ba3dc7576ce6a0b645c4,0xbeef02961503351625926ea9a11ae13b29f5c555,DAI,WETH,2707.0,-0.001596,-0.001596
0x6123973886d0261f1a15d1e85f061d746bf7435a5d8f8d04324a8f0627cd4f79,26040732,0x6000da47483062a0d734ba3dc7576ce6a0b645c4,0xec4fb7e7c35c241e1138a2d8cfbb09f3ad1ccb22,DAI,WETH,13295.09,-0.000512,-0.000512
0xd55cb9ba45035c32c11b2c5682113fdb319e42fbaef8026ddee8150c1495530e,26040929,0x6000da47483062a0d734ba3dc7576ce6a0b645c4,0x1295f63fc70e239353fcbdb863737ea316f073d1,DAI,WETH,26768.76,0.000752,0.000752
0xf54df6a98400cfb632b34f80292893bdd842ac5fcbbc099b3641a37bb8bbaf3b,26041239,0x6000da47483062a0d734ba3dc7576ce6a0b645c4,0x3e8282bd1bfabd23249701e978e9db3df3d7073a,USDT,WETH,2649.17,-0.003367,-0.003367
0xcf4cc3b941c1d826db0b9ad12256803f06f87853123a7e0ab9bdef97735f7735,26041245,0x6000da47483062a0d734ba3dc7576ce6a0b645c4,0x950fd558f47e234a2fde23b7d61f7ccdbcb4a86f,USDC,WETH,264.95,0.002711,-0.996573
0x6ea2fa7d044a444c0e5d9fcea093a65721ad81319702c565867c0d1227a55af5,26043047,0x6000da47483062a0d734ba3dc7576ce6a0b645c4,0xeff6cb8b614999d130e537751ee99724d01aa167,WETH,USDC,753.23,-0.002942,-0.002942
0x14cadcb4598a13b00ce0cdc65f37d9799de65ab985c1af907c1bab042de34cf1,26043056,0x6000da47483062a0d734ba3dc7576ce6a0b645c4,0x1295f63fc70e239353fcbdb863737ea316f073d1,WETH,USDT,10016.3,-0.009412,-0.009599
0x290a43690a1a64858cce26a79641e0df5e2a708b19e5155c40d4b02e4d8f20b8,26044511,0x6000da47483062a0d734ba3dc7576ce6a0b645c4,0x3884cf9171f53f3cb29bbca1594af8a0efd5567e,WETH,DAI,13403.32,-0.002308,-0.002308
0xf31399ba78bca868d741aabcbd1a7f800b69e8ccd9e7e749f7c15d3387771e54,26044569,0x6000da47483062a0d734ba3dc7576ce6a0b645c4,0x81463b0f960f247f704377661ec81c1fd65b5128,WETH,USDC,975.61,0.001173,0.001173
0x93f2115cf56f95f1ed376c3b2788624f74a899b31730032a7a7fb614bab17756,26045088,0x6000da47483062a0d734ba3dc7576ce6a0b645c4,0xeff6cb8b614999d130e537751ee99724d01aa167,USDT,WETH,705.47,0.005028,0.005028
0x4236c5670b787eb27f62df2d73bef243645dbd9b0ee92163706d13905201b450,26045130,0x6000da47483062a0d734ba3dc7576ce6a0b645c4,0x3e8282bd1bfabd23249701e978e9db3df3d7073a,WETH,USDT,13419.3,-0.004952,-0.004952
0x7c6cc12e9cfde3401dfaf4f797e0ff620f5d036fdcf934354e445255fe325576,26045142,0x6000da47483062a0d734ba3dc7576ce6a0b645c4,0xec4fb7e7c35c241e1138a2d8cfbb09f3ad1ccb22,WETH,USDC,1349.14,-8.5e-05,-0.001691
0x8d0c012cb64777cdc626ca8ad429c4df52753728e321b5d213a1e41dc4541d4e,26045142,0x6000da47483062a0d734ba3dc7576ce6a0b645c4,0xbeef02961503351625926ea9a11ae13b29f5c555,WETH,USDC,1349.14,-0.000455,-0.001484
0x09b0ab57823f73df15e39fb4782c69937d2447e4edb19e89a3c89a48010cfabd,26045214,0x6000da47483062a0d734ba3dc7576ce6a0b645c4,0x3e8282bd1bfabd23249701e978e9db3df3d7073a,USDC,WETH,999.82,-0.002813,-0.002813
0x29f4247e7e2210e0144a47f07e200553dbb3292a8d756477a75c07cb599bf558,26046113,0x6000da47483062a0d734ba3dc7576ce6a0b645c4,0xbeef02961503351625926ea9a11ae13b29f5c555,DAI,WETH,26796.85,-0.004745,-0.004745
0x27e7d1e67e9f2d7b891079df5ab8ec0796c444e10ac7e828b84797233937129f,26046126,0x6000da47483062a0d734ba3dc7576ce6a0b645c4,0xbeef02961503351625926ea9a11ae13b29f5c555,DAI,WETH,26746.86,-0.001387,-0.001387
0x0e85ab2b6fe2648fac4eb8ad9891ca3f9a080231affc5dd5162162cdee253560,26046165,0x6000da47483062a0d734ba3dc7576ce6a0b645c4,0xbeef02961503351625926ea9a11ae13b29f5c555,DAI,WETH,26696.86,-0.003262,-0.003262
0xa57e34e0120097f6bdaf47c0c39816416373b3aef2559b0b2a6832606082fed2,26046235,0x6000da47483062a0d734ba3dc7576ce6a0b645c4,0xbeef02961503351625926ea9a11ae13b29f5c555,USDT,WETH,10596.67,-0.006098,-0.006098
0x4fcea022488d1884a4cfaf77b835f764f6622f05ca361955f3e7f97f2a434987,26046442,0x6000da47483062a0d734ba3dc7576ce6a0b645c4,0x3884cf9171f53f3cb29bbca1594af8a0efd5567e,DAI,WETH,37908.21,-0.004911,-1.010446
0x617e1f07016237357eacda2fe2de87f1813441ca70387015fbe8ab2d5e7b164d,26046442,0x6000da47483062a0d734ba3dc7576ce6a0b645c4,0xe2536231fc1512babc8c856ad7499830a936bdd9,USDC,WETH,13247.62,-0.005195,-1.010414
0xf124f8e9afff3acfe35a29fce6f0d10bf2625d1b20c6a25534b19d4d96ae4779,26046442,0x6000da47483062a0d734ba3dc7576ce6a0b645c4,0xbeef02961503351625926ea9a11ae13b29f5c555,DAI,WETH,26492.76,-0.00529,-0.00529
0x3aa8fc7dc93e88a0d5a0e658e752c3f4a46fad760493d307fd9f81ad97adb144,26046459,0x6000da47483062a0d734ba3dc7576ce6a0b645c4,0x3e8282bd1bfabd23249701e978e9db3df3d7073a,USDC,WETH,263.95,-0.002222,-0.002222
0x358a871ae8a49e2b33681edbf1ad2847869977a82e26f14dc6d1e92a91f728b0,26047894,0x6000da47483062a0d734ba3dc7576ce6a0b645c4,0xbeef02961503351625926ea9a11ae13b29f5c555,WETH,USDT,13622.32,-0.002663,-0.00385
0xe37ea0589d95141a786cd4cdea2ba3891e85c2776d3b21dfdd3df289886b9392,26047983,0x6000da47483062a0d734ba3dc7576ce6a0b645c4,0xbeef02961503351625926ea9a11ae13b29f5c555,WETH,DAI,65193.65,0.000409,0.000279
0x60023f9eedb58deb6c3d0c989c37bba274d2a1ba0aaa52b8194eb2afc60b77fd,26048178,0x6000da47483062a0d734ba3dc7576ce6a0b645c4,0xeff6cb8b614999d130e537751ee99724d01aa167,WETH,USDC,373419.33,0.00078,0.00078
0x4e07f0499f7af93544dab8340beebc60189a13b115fbe2ce70abe825185a6cc8,26048454,0x6000da47483062a0d734ba3dc7576ce6a0b645c4,0x1295f63fc70e239353fcbdb863737ea316f073d1,WETH,USDC,10674.84,-0.005423,-0.005716
0x828ed4195f615cdc03b0fefa47a90d4ebb596d380392d7160a88203cae9b8208,26048481,0x6000da47483062a0d734ba3dc7576ce6a0b645c4,0xbeef02961503351625926ea9a11ae13b29f5c555,WETH,DAI,134857.86,0.002487,0.001921
0x427250d887820e7771e2eaa22675ca7869bbd51f4e803b4212eedbbcbdc287df,26048573,0x6000da47483062a0d734ba3dc7576ce6a0b645c4,0xeff6cb8b614999d130e537751ee99724d01aa167,WETH,USDC,21018.95,-0.00093,-0.00093
0xd06e038e1a58b5dc254b9d68d08bbdce91a3baf16a6ec964ece3f54a2a492fba,26048930,0x6000da47483062a0d734ba3dc7576ce6a0b645c4,0xbeef02961503351625926ea9a11ae13b29f5c555,DAI,WETH,53376.77,-0.000312,-0.000312
0x8ab852c637cc79ee4f0910636f45d79a6565597f776c2a35905a9229de0cda95,26049405,0x6000da47483062a0d734ba3dc7576ce6a0b645c4,0x8a321218956ee460eaff36171d85d1d0baae5575,WETH,DAI,26956.5,-0.000289,-0.000289
0x5ddec8345026ad52185e18669547d54dad904620333b676c133ea844ac48fac6,26052636,0x6000da47483062a0d734ba3dc7576ce6a0b645c4,0x1295f63fc70e239353fcbdb863737ea316f073d1,WETH,USDC,4183.75,0.000456,5.4e-05
0x214adb2a7b41d7ae329d274d2e7f9db4574809801e9b20e73fd43987590305f4,26053463,0x6000da47483062a0d734ba3dc7576ce6a0b645c4,0x950fd558f47e234a2fde23b7d61f7ccdbcb4a86f,WETH,USDC,13437.53,-0.003037,-0.00813
0x26c13aaa6e24f13c7a044da24eca51fbfc7f89753e1d9171230a6a0381d2022d,26053762,0x6000da47483062a0d734ba3dc7576ce6a0b645c4,0xbeef02961503351625926ea9a11ae13b29f5c555,WETH,DAI,26975.69,0.001557,0.000962
0xdeb9f8bca6518896777520eb53b92200a4d8c206e051d37f2d61fc5b91fa3b5f,26054849,0x6000da47483062a0d734ba3dc7576ce6a0b645c4,0xec4fb7e7c35c241e1138a2d8cfbb09f3ad1ccb22,WETH,DAI,26930.83,0.000269,8e-06
0xa54955956dd21dbb927e0f8be8bef959daac231fba37a0ef2036309247820c7a,26054905,0x6000da47483062a0d734ba3dc7576ce6a0b645c4,0x950fd558f47e234a2fde23b7d61f7ccdbcb4a86f,WETH,DAI,26930.83,-0.002288,-0.008654
0x49e48d7051e671faadae856e770a178fc9e4ac5f7db0360842286a4322747518,26054994,0x6000da47483062a0d734ba3dc7576ce6a0b645c4,0x1295f63fc70e239353fcbdb863737ea316f073d1,DAI,WETH,53784.93,0.004721,0.004721
0x400cad46a2ac7fd57feb50ccb2d75a5ad59fc2cdc68f36a164d663ce00513fc9,26055414,0x6000da47483062a0d734ba3dc7576ce6a0b645c4,0x0000000000be226afde21672a5e4adc45692e69d,DAI,WETH,26794.21,-0.001365,-0.001365
0xf54be6de54fb8272bf06524c380ddd84f7a36cac00bba5aed60c80491c4d55da,26055478,0x6000da47483062a0d734ba3dc7576ce6a0b645c4,0x52b335fd4d229c4b4ffa6190526e4b5fb8e3fb09,DAI,WETH,26688.26,-0.00534,-0.00568
