tx,offset,eth_price
0xc9a90b1cd9da4db2b438206ec1a7c9a9ba38ac7d737625a881fddb23d32cc6bf,-1,2293.91
0xc9a90b1cd9da4db2b438206ec1a7c9a9ba38ac7d737625a881fddb23d32cc6bf,0,2159.12
0xc9a90b1cd9da4db2b438206ec1a7c9a9ba38ac7d737625a881fddb23d32cc6bf,1,2256.73
0xc9a90b1cd9da4db2b438206ec1a7c9a9ba38ac7d737625a881fddb23d32cc6bf,2,2289.63
0xc9a90b1cd9da4db2b438206ec1a7c9a9ba38ac7d737625a881fddb23d32cc6bf,3,2276.25
0xc9a90b1cd9da4db2b438206ec1a7c9a9ba38ac7d737625a881fddb23d32cc6bf,4,2287.28
0xc9a90b1cd9da4db2b438206ec1a7c9a9ba38ac7d737625a881fddb23d32cc6bf,5,2281.9
0xc9a90b1cd9da4db2b438206ec1a7c9a9ba38ac7d737625a881fddb23d32cc6bf,6,2283.08
0xc9a90b1cd9da4db2b438206ec1a7c9a9ba38ac7d737625a881fddb23d32cc6bf,8,2284.94
0xc9a90b1cd9da4db2b438206ec1a7c9a9ba38ac7d737625a881fddb23d32cc6bf,10,2281.61
0xc9a90b1cd9da4db2b438206ec1a7c9a9ba38ac7d737625a881fddb23d32cc6bf,15,2293.82
0xc9a90b1cd9da4db2b438206ec1a7c9a9ba38ac7d737625a881fddb23d32cc6bf,20,2312.38
0xc9a90b1cd9da4db2b438206ec1a7c9a9ba38ac7d737625a881fddb23d32cc6bf,30,2304.39
0xc9a90b1cd9da4db2b438206ec1a7c9a9ba38ac7d737625a881fddb23d32cc6bf,40,2306.58
0xc9a90b1cd9da4db2b438206ec1a7c9a9ba38ac7d737625a881fddb23d32cc6bf,50,2299.65
0x169ec4eaab5580863ab41f121a20763f689d999c50f29d7ae59d29545ef21530,-1,2372.16
0x169ec4eaab5580863ab41f121a20763f689d999c50f29d7ae59d29545ef21530,0,2190.33
0x169ec4eaab5580863ab41f121a20763f689d999c50f29d7ae59d29545ef21530,1,2347.26
0x169ec4eaab5580863ab41f121a20763f689d999c50f29d7ae59d29545ef21530,2,2364.73
0x169ec4eaab5580863ab41f121a20763f689d999c50f29d7ae59d29545ef21530,3,2368.18
0x169ec4eaab5580863ab41f121a20763f689d999c50f29d7ae59d29545ef21530,4,2362.3
0x169ec4eaab5580863ab41f121a20763f689d999c50f29d7ae59d29545ef21530,5,2374.5
0x169ec4eaab5580863ab41f121a20763f689d999c50f29d7ae59d29545ef21530,6,2378.93
0x169ec4eaab5580863ab41f121a20763f689d999c50f29d7ae59d29545ef21530,8,2383.28
0x169ec4eaab5580863ab41f121a20763f689d999c50f29d7ae59d29545ef21530,10,2389.14
0x169ec4eaab5580863ab41f121a20763f689d999c50f29d7ae59d29545ef21530,15,2399.4
0x169ec4eaab5580863ab41f121a20763f689d999c50f29d7ae59d29545ef21530,20,2406.41
0x169ec4eaab5580863ab41f121a20763f689d999c50f29d7ae59d29545ef21530,30,2394.01
0x169ec4eaab5580863ab41f121a20763f689d999c50f29d7ae59d29545ef21530,40,2398.15
0x169ec4eaab5580863ab41f121a20763f689d999c50f29d7ae59d29545ef21530,50,2403.0
