chain,ts,extension,caller,leverage_before,leverage_after,notional_raw,reward_eth,tx,collateral
1,1621429633,0x1335d01a4b572c37f800f45d9a4b36a53a898a9b,0x1a0e49631d8ff32bfd8141748582e75e7e40e928,2.886075137000456,2.3,1200000000000000000000,1.0,0x1528294b5d3339ae9e52cf9c2baeaea03b454f89eabb61976e2dc58e3c2e44ef,WETH~
1,1621786876,0x4a99733458349505a6fcbcf6cd0a0ed18666586a,0xf303fde05c53b4545edd8568daea56dd10794b7f,2.418063678399244,2.2,2400000000,1.0,0xe1372db40c05c845353e2318f6b7e9c6cb6ec6c7086e5d2e78441b7cd99273d0,WBTC~
1,1632788762,0x735a68179c28b242dead5db861f1a72d3c54224b,0x04705e8aa8b6c578f0fdb13ae56ef22ef2236ecc,2.7770574677695827,2.15,171038181,0.0,0x9abb5cf7d0bf39d0d181e4d4d2697dd4730ad8c22d18e7a5978baf91af088e9f,USDC~
1,1638315783,0x932cfcf420d1c2b2b539827ee8e5185907a9ef6d,0x33aa1681f6879af074dcfbf5cafa032e8edca1e2,3.0411044072660265,2.5,81826184092951634545,0.0,0xa25ac5634c3de0b2d060dcb51bb97b34e3c4c72672f4b6b33835f9511cdf7465,0x51491077~
1,1642458303,0x097afae7b0e0ea0880c8dba7475c12a1f3d2911f,0x04705e8aa8b6c578f0fdb13ae56ef22ef2236ecc,3.1381455480096436,2.2,13141,0.0,0xb0608dd4216a6618e44566c4d3684a768fdbb2758bba8607bd8831b7f078c9e3,WBTC~
1,1652339494,0xfd4ea597e8346a6723fa4a06a31e4b6f7f37e9ad,0xf303fde05c53b4545edd8568daea56dd10794b7f,2.4187985903360536,2.2,2685386651,0.0,0xe4e95363ee778a5b7e8e65d67525450f0e9338adab95916a7f55e2e3725ee9f5,WBTC~
1,1668028847,0xfd4ea597e8346a6723fa4a06a31e4b6f7f37e9ad,0xcbeb906f46ea0b9d7e7e75379fafbceacd1aaeff,2.425389155840567,2.2,1626106200,0.0,0x45fb08b64d589a5b5ccd0c4358f4d801bd38b0fbf4a6508d5691ac832c3ae99c,WBTC~
1,1769700551,0x9865f79bb187e81bccb8d3d10d314b9ae4e1ed3b,0xd7d2807b0715aa1af8157574642f4f06c9badda2,3.2534665814001555,3.1292,865790,0.25,0x1a68226c95ac0ab78fd3f3d9ae6fc83563c99c04e520fd10334a9e40d5335043,0x8a2b6f94~
1,1769994719,0x9865f79bb187e81bccb8d3d10d314b9ae4e1ed3b,0xfa0253943c3ff0e43898cba5a7a0da9d17c27995,3.2437486352190263,3.1292,612507,0.25,0x67c8b84860c174dc1fab66a5e800527f6e727ed8ca2883c0c0016a379d0aabf0,0x8a2b6f94~
1,1770014399,0x9865f79bb187e81bccb8d3d10d314b9ae4e1ed3b,0xd2306a7187fe8b0c0dee59b50fdc438d2075d24c,3.2119972360075106,3.1292,401660,0.25,0x70fa029c26b73dbf0fb798100a6010d7092b342a9396e83925450de43a163848,0x8a2b6f94~
1,1770334043,0x9865f79bb187e81bccb8d3d10d314b9ae4e1ed3b,0xfa0253943c3ff0e43898cba5a7a0da9d17c27995,3.2040966761172833,3.1292,414006,0.25,0xb6f654b24b3193f6e637ca55fe5a63dfa29bfbf6c1fe291c27940fd42fbce800,0x8a2b6f94~
1,1770336095,0x9865f79bb187e81bccb8d3d10d314b9ae4e1ed3b,0xfa0253943c3ff0e43898cba5a7a0da9d17c27995,3.2063359462076964,3.1292,416126,0.25,0x17bf1ec71fadaace4d2c6b0be337edac034b0eceb1f3e9441677212418ebd773,0x8a2b6f94~
1,1770337091,0xf3055e1e19b7f68420db8f1334bdbf25a0d7bd37,0xc31a49d1c4c652af57cefdef248f3c55b801c649,3.5177703749198046,3.2141,834876,0.25,0x2fecdf92f4c5b59c6425153c047f2974eb715a43f0071cbf8c14ac68209046d2,0x5ee5bf7a~
1,1772537555,0x9865f79bb187e81bccb8d3d10d314b9ae4e1ed3b,0xbffbb7401a4b0ae571bb69dd3b94efa2528a2981,3.2169029174082735,3.1292,572809,0.1,0x22543f50a41f6aeaf9be04257cabc3c75160dc8d2eb2cf99fa916909b6dd9a8f,0x8a2b6f94~
1,1773837227,0x9865f79bb187e81bccb8d3d10d314b9ae4e1ed3b,0xbb13d96f722a2328420663ea845e0ef1eb3295a0,3.2115637703435183,3.1292,392120,0.1,0xfc07e9944ce78cb58cd9f64f87948bd4bf273dc528403cd719663121b41f24a1,0x8a2b6f94~
42161,1722821943,0x165edf07bb61904f47800e13f5120e64c4b9a186,0x998155dcb668eab8801c3e4230078bf96499502d,4.046944647005548,3.45,41051684095342519399,0.25,0x4ceb458f864ca3bdfe1ebf9009eb5ae7fbafd6f7f441d71a643263b5fad5f89b,0xe50fa9b3~
42161,1722839109,0x165edf07bb61904f47800e13f5120e64c4b9a186,0x998155dcb668eab8801c3e4230078bf96499502d,3.668365344828265,3.45,18852904453224711857,0.0,0xee25eaa5e084e2feeef5cf861a24b2e62960fc09ed57796696705ba5377caec6,0xe50fa9b3~
42161,1735828454,0x73363f4616c7e8fd71df4a44d6533568077a586f,0x92cddff2dbef587fdfb59233148c4110870e9266,3.049872280395349,2.3,499089,0.0,0xbfa3de90ee8e05cf4d56f0627c2d38f4a5fc20dad9df5d45bfde26895616f256,USDC~
42161,1738547411,0x165edf07bb61904f47800e13f5120e64c4b9a186,0x998155dcb668eab8801c3e4230078bf96499502d,3.753036084635951,3.45,80499277280207974775,0.0,0x9acb5009bbfac880c89b5a1b49c78f9bea2b4b2cfbae6cd7c631d47eefb6dbcc,0xe50fa9b3~
42161,1738547798,0x165edf07bb61904f47800e13f5120e64c4b9a186,0x998155dcb668eab8801c3e4230078bf96499502d,4.236224368497902,3.45,82983117315197459013,0.0,0x3cbc928b1388c59ec5136e1e9349d343f31fdba2e466f05db23de5cbeb60f1a3,0xe50fa9b3~
42161,1740468364,0x165edf07bb61904f47800e13f5120e64c4b9a186,0x998155dcb668eab8801c3e4230078bf96499502d,3.7306798414221305,3.45,77434600590940504662,0.0,0xcfd91dca016c1a9a7c93d16f3da87c0d49fa02c8251b1ed0cf553a58779fc76c,0xe50fa9b3~
42161,1740737204,0x13a9a83a9fcbc04a12fe6356a96cbf9fd8510f51,0x92cddff2dbef587fdfb59233148c4110870e9266,3.2880304848500295,2.3,12360151270667621,0.0,0xbba98c0089b81c3572a71d5a1f7720d50381d0f25463ec0c0e33b2736d0e1646,0xe50fa9b3~
42161,1740737298,0xab124a5bd189040813ceda7ad25d476022d673b4,0x92cddff2dbef587fdfb59233148c4110870e9266,4.028974226362539,3.45,217,0.0,0x41c5bf174bb44905b171dcdaf5d9e28bc3810dc0a58d45cd9c0e6e992350f6d1,0x078f3582~
42161,1740737348,0xab124a5bd189040813ceda7ad25d476022d673b4,0x92cddff2dbef587fdfb59233148c4110870e9266,3.903402207598717,3.45,269,0.0,0x747b501ffcda961ecce17ad3414d7f40712241975159fc1e6919db8fb266e513,0x078f3582~
42161,1740737778,0xab124a5bd189040813ceda7ad25d476022d673b4,0x92cddff2dbef587fdfb59233148c4110870e9266,3.7065327400583015,3.45,353,0.0,0xe3d0667f8d9ac2b3c532b961c1042e9d8241cf792e3d9ad8c36303d3a42dc07c,0x078f3582~
42161,1743971846,0x165edf07bb61904f47800e13f5120e64c4b9a186,0xe4d1639ab829888e26bb03460fe55f51a2346774,3.6774769475983407,3.45,27279045958318715464,0.25,0x4847cad3818b1705117ce77233e88be1e69c420311f9917c06102d4fb47bbec9,0xe50fa9b3~
42161,1760131083,0xce6a34bf4ad4a77b10b6cca1d038904a4824d9f0,0xcac2afb08ff356552cd6deab9e5f4cb6dbca4310,2.5433946355383004,2.3137,656665060120852,0.1,0xa2aebed2f5e37b7d06af2459a4cb58c36396705c7e7cb50114f559f31f1a9bfb,0xf329e36c
42161,1760132644,0x78e4747126590ea6ee80208b92967862700c6f88,0x91f03456277e081910d4c8cd5f8a5f7f63d32db7,2.5542598010039366,2.3008,1423231717243942742,0.1,0xf2e578086359e77979b79383b34b62da2a4a070247101ba075b29616f1851b4f,0x191c10aa~
42161,1769885068,0x165edf07bb61904f47800e13f5120e64c4b9a186,0xe4d1639ab829888e26bb03460fe55f51a2346774,3.7271566082743552,3.45,18955641648102059369,0.05,0x4ac74a382089f4b562a85d768497227243add1a979338c687da41577e8c535da,0xe50fa9b3~
42161,1770305091,0x78e4747126590ea6ee80208b92967862700c6f88,0xbcc8b185390d73454a802de78058e1eb9b21a36a,2.5470695242905768,2.3008,9378404921998876860,0.05,0xee22826a8dd55babeb905c67361cd77dfb9348c702313709fbc6a64b97ef2f86,0x191c10aa~
42161,1770337025,0x78e4747126590ea6ee80208b92967862700c6f88,0x91f03456277e081910d4c8cd5f8a5f7f63d32db7,2.5735154259715167,2.3008,8579567939010304879,0.05,0xcf9e0cb06cbdf204e1f8ef0eefaa250e5689d1d0eaf62628e14097b0d3015c6e,0x191c10aa~
42161,1787153331,0x02cf196f5d3012bc4acb251567759c6200f7328c,0x34ed9ff6681c109487f4caa7cd17be9902a0ab5e,3.5475108187575,3.2803,7614899723,0.05,0x77381cc63f07b8d2dbb8acaf383fcc26588728c23626fc1ad1d81727c0626373,0x724dc807~
42161,1787172711,0x02cf196f5d3012bc4acb251567759c6200f7328c,0x34ed9ff6681c109487f4caa7cd17be9902a0ab5e,3.5995216075605243,3.2803,6687527940,0.05,0xcee7ccb671318ef96d731fb03a290ae23bc45875fe64206d98f6f9b952b008f0,0x724dc807~
